time_s,ax,ay,az,gx,gy,gz,activity,split,recording_id
2.0,-9.778511237658755,-9.636973535888215,8.063785630395225,-0.30427426563299764,-2.354699761411524,0.9965800460329602,jumping,train,168538924
2.0100000000000002,-10.913917591603685,-10.420119110580151,9.104886526444387,-0.5346439670732028,-2.055056450589586,1.6086803626954884,jumping,train,168538924
2.02,-11.073230543305575,-10.266518204585957,9.731666418100675,-0.29710121287735997,-1.785733274194818,2.069740284248474,jumping,train,168538924
2.0300000000000002,-11.189875151063674,-9.584975657710347,10.030822966756794,0.023329724746830968,-1.5097956871690736,2.4498054881744062,jumping,train,168538924
2.04,-11.232113118310997,-7.982788898922771,9.758657780084691,0.4874692882081474,-1.2223902669350017,2.6894448908723674,jumping,train,168538924
2.05,-10.903796218571987,-6.634195717545385,9.37429935837765,0.8504461071402242,-0.9093671128159445,2.928541686454622,jumping,train,168538924
2.06,-10.17534629347845,-5.559438273814194,8.868792295650323,1.1036174909814898,-0.568537611326881,3.167049518078853,jumping,train,168538924
2.07,-9.25131324495926,-4.594786834366609,7.941768856273873,1.1548898359720472,-0.28058582176139185,3.403535728063373,jumping,train,168538924
2.08,-8.193879510760713,-3.705235005823891,6.7272432404050315,1.068467567081501,-0.0286964927587413,3.638643197402694,jumping,train,168538924
2.09,-6.959731147037009,-2.7312092689816745,5.217178505142141,0.7950318899402187,0.0746933247125757,3.7905881332667897,jumping,train,168538924
2.1,-5.653244279116805,-1.7226039606210037,3.5861342115599633,0.4455306911478656,0.11768269862632819,3.908707679016969,jumping,train,168538924
2.11,-4.373642692441008,-0.7381892819023662,2.2814413923720576,0.022214052491776,0.18193996643344934,3.907449229799994,jumping,train,168538924
2.12,-3.0997103259477283,0.24112438989177784,1.0455653487436738,-0.4168054413951553,0.25072158117244203,3.8807953433116955,jumping,train,168538924
2.13,-2.151460111151236,1.1003080020643048,0.6897069142014651,-0.8009677576274509,0.40684672434648333,3.7889171191339965,jumping,train,168538924
2.14,-1.2500889064856,1.9233150613417098,0.4027751016149265,-1.171643473599556,0.5678082116389549,3.693755165643718,jumping,train,168538924
2.15,-0.7978561807591026,2.253597386808462,0.329414315071133,-1.37428193027513,0.7156379306263732,3.6139304112334583,jumping,train,168538924
2.16,-0.34860482452040537,2.5416769807898065,0.2113449980015204,-1.544521317361501,0.8516926386489826,3.528337010465474,jumping,train,168538924
2.17,0.08618761354240921,2.6250835733741296,-0.12354983743362849,-1.5561875635932705,0.9301160475027423,3.414509701038345,jumping,train,168538924
2.18,0.5017321963547475,2.850521301880155,-0.5303305815573841,-1.5577931228921413,0.9684411887209065,3.2514536298602454,jumping,train,168538924
2.19,0.8689095271225223,3.4328640288857324,-1.1177508732433254,-1.5341205699839102,0.9060168964895025,2.9647071813095844,jumping,train,168538924
2.2,1.2115653211473671,4.030728052192569,-1.8073865838681715,-1.5695143980140105,0.8719686738422888,2.636303913003578,jumping,train,168538924
2.21,1.5173901294674605,4.651904833104352,-2.65054834276663,-1.693139194465529,0.8803074750762393,2.245675373909339,jumping,train,168538924
2.22,2.0313186743946408,4.871212193345716,-2.9571644752420743,-1.9030435219406912,1.1587824778163522,1.9394349482459383,jumping,train,168538924
2.23,2.7404330858291064,4.713595850172488,-2.760540614425956,-2.194291976824504,1.6919412199359398,1.7127554261856932,jumping,train,168538924
2.24,4.4732792252595495,4.246545797375742,-2.067607524013313,-2.5562792975550868,2.5172681627697115,1.7144423926615486,jumping,train,168538924
2.25,6.808045012157701,3.597559184132811,-1.0828613849824338,-2.9598586799834106,3.5143801304941618,1.8504011341679834,jumping,train,168538924
2.2600000000000002,10.193478027553168,3.6133148085970017,-1.6477274396162833,-3.3932144957554216,4.095659058887982,1.8575596030113344,jumping,train,168538924
2.27,13.939006957517812,3.8568980054338406,-2.7436931659355306,-3.836703652717666,4.53542412572947,1.820885518330602,jumping,train,168538924
2.2800000000000002,20.66744702669342,4.6875793717772485,-6.4929332831097515,-4.206280148637049,4.3607386697290975,1.2609280914040382,jumping,train,168538924
2.29,27.8770127081556,5.612956139054042,-10.670130589180449,-4.563803363119346,4.085851908885021,0.615636415832872,jumping,train,168538924
2.3000000000000003,38.50861987684497,3.05810915570331,-11.306335579991236,-4.336974425461397,3.6395207594793018,-0.29634250060607054,jumping,train,168538924
2.31,48.93395313407512,0.49109838866872085,-11.702366180643388,-4.000736277950354,3.1746050075735264,-1.2143534544212902,jumping,train,168538924
2.32,56.37273584378007,-1.2869812702062213,-10.593408557451422,-2.7241702565516124,2.5685438384752164,-2.1238499919736826,jumping,train,168538924
2.33,63.10934512259912,-3.7002300693940238,-8.993186081771169,-1.4191241790949147,2.0867371894001834,-2.979695163971076,jumping,train,168538924
2.34,67.14203785964956,-8.559376519743017,-5.501209941535774,-0.003551592380212304,2.0871423144098973,-3.6273280297962986,jumping,train,168538924
2.35,68.40797447557648,-10.925829981078904,-3.1107929080470336,1.2453228859280563,1.8944879566196586,-4.263645256542458,jumping,train,168538924
2.36,63.791122813205654,-7.992219231765444,-3.0625552056337804,2.139796905877176,1.2913888142489782,-4.875905415607428,jumping,train,168538924
2.37,59.12795388032642,-6.222391495404408,-3.6102527433109692,2.7758236422773797,0.5463328547513374,-5.219015656735345,jumping,train,168538924
2.38,54.40459823771556,-5.964834875689293,-4.932334887869251,3.0778749897677917,-0.38216509166651247,-5.214320158589378,jumping,train,168538924
2.39,49.79714848065966,-5.393507176305359,-4.048596899931453,3.303148599754725,-0.794488086520625,-5.268699872396163,jumping,train,168538924
2.4,45.28405481033895,-4.566746277249563,-1.3691558314584336,3.4655854687482224,-0.7843611265654552,-5.371428155896577,jumping,train,168538924
2.41,39.071408557796644,-3.0504058711734725,0.6309882277079815,3.6774779163372013,-0.7401585171307808,-5.479378546417577,jumping,train,168538924
2.42,32.00237151224518,-1.1865919317465363,2.2888400209129,3.9142878990829657,-0.6787873451595883,-5.589960026068924,jumping,train,168538924
2.43,24.87441542248885,-0.8777793785356554,1.5489080887744915,3.9218644314118865,-0.8295711923733645,-5.563098982777672,jumping,train,168538924
2.44,17.729836884759138,-1.0076692854608467,0.13250497885663678,3.865273935154025,-1.0397414736181003,-5.497765027777156,jumping,train,168538924
2.45,12.350322336219847,-1.447231762342447,-0.7320947800075994,3.525570018773594,-1.2272727741788956,-5.278524628875522,jumping,train,168538924
2.46,7.203679748652941,-1.9339794454935404,-1.5184097692381406,3.152764970511072,-1.4107832981341009,-5.040506253110544,jumping,train,168538924
2.47,4.887320651510737,-3.5416893981464264,-0.8789435462923372,2.79045616943693,-1.4595883871189372,-4.73089410872586,jumping,train,168538924
2.48,2.605745425842974,-5.033619603733095,-0.18616704895102068,2.4478432981026956,-1.5040266995833496,-4.438421212174356,jumping,train,168538924
2.49,0.5675486433413569,-5.715453250288756,0.8796148396022975,2.2413971867785616,-1.5182755354235753,-4.26443959160085,jumping,train,168538924
2.5,-1.4504402257427977,-6.428059472808516,1.9379945533191154,2.0185006634260785,-1.51671331452583,-4.115540162062167,jumping,train,168538924
2.5100000000000002,-3.4049193857527067,-7.2373781716035515,2.973110609840361,1.7435362607981364,-1.46510686421725,-4.046029412424817,jumping,train,168538924
2.52,-5.425025819435161,-8.283881414666624,4.285472048933481,1.384582044778408,-1.2904139869290732,-3.962595984394178,jumping,train,168538924
2.5300000000000002,-7.564329864595721,-9.761178587968024,6.101389182885021,0.8730949363046001,-0.8921853263018629,-3.8538777471673313,jumping,train,168538924
2.54,-9.728809604196146,-11.44289315139462,8.336373616871828,0.4374051588542155,-0.28367858287099845,-3.6817941141210033,jumping,train,168538924
2.5500000000000003,-11.921665604293384,-13.355012525544087,11.043701044209694,0.08668956292344568,0.5605647984666219,-3.4386733802463265,jumping,train,168538924
2.56,-14.397296169987866,-15.465697989419764,12.723499535199723,0.01265030013842208,1.2069330907374034,-2.8548261655126077,jumping,train,168538924
2.57,-17.07233218785556,-17.716407223907545,13.678710679585032,0.1347396858777122,1.7130328846004856,-2.0294468202654596,jumping,train,168538924
2.58,-18.985184081686995,-20.430847085457334,12.003047888247549,0.44313788809247784,1.5281988131035074,-0.7602075702071319,jumping,train,168538924
2.59,-20.57165140048815,-23.343866947388726,9.200785047933087,0.8313084845303389,1.0475255551831828,0.6990804814927307,jumping,train,168538924
2.6,-20.09747402194225,-23.817442262170843,6.869710356897787,1.1024299597217753,0.6140663592316812,2.0058655164793984,jumping,train,168538924
2.61,-19.156194139301917,-23.73804953833861,4.645443581225844,1.347250817596198,0.1912160338347186,3.2783835408336173,jumping,train,168538924
2.62,-16.03948149090211,-20.729399998118684,5.01128477532551,1.3574692237041965,0.2885594088693972,3.986408819336638,jumping,train,168538924
2.63,-12.74714665241281,-17.50221658077542,5.559000745271897,1.3482508378744928,0.4336675819151734,4.625700589740745,jumping,train,168538924
2.64,-9.123610667699106,-14.207775417018485,5.926495295372935,1.300093677155346,0.7635519930340937,4.707989340161982,jumping,train,168538924
2.65,-5.781049815536192,-11.008026646125243,6.069287059929883,1.249003480333137,1.0560047782174218,4.741977267080609,jumping,train,168538924
2.66,-3.9108260534418413,-8.304475246489403,5.03461431937202,1.1826987125472928,1.1542880717651132,4.525413792325543,jumping,train,168538924
2.67,-2.3935340935035216,-5.968213521654447,3.929110308273749,1.1070351019191342,1.2029395188498209,4.330956859936209,jumping,train,168538924
2.68,-1.7992226541195013,-4.592480752189813,2.6383697088158784,1.0067374102331998,1.1209514254041921,4.194688142235321,jumping,train,168538924
2.69,-1.3597171204166938,-3.6629416411404967,1.6418533533926263,0.9086602181860595,1.0077067841657688,4.148702411686466,jumping,train,168538924
2.7,-1.162006250003263,-3.430321972044269,1.1048921532127376,0.8140509163434441,0.845646879000015,4.243717148469737,jumping,train,168538924
2.71,-0.9484978582682728,-3.3183051003353587,0.5449521119461186,0.7296391544323912,0.629308091098212,4.362374929899022,jumping,train,168538924
2.72,-0.7195262277538018,-3.3243390174502574,-0.037480527960976326,0.6551566407937303,0.3601184679702813,4.504053720491427,jumping,train,168538924
2.73,-0.39532796690818645,-3.072289808775737,-0.41673480475218483,0.6096929400716551,0.19244087103282786,4.628955445273986,jumping,train,168538924
2.74,-0.013179978462353848,-2.6631853017493046,-0.6723458238131497,0.5819858613652378,0.0868785192740501,4.74359127747943,jumping,train,168538924
2.75,0.6571536825708453,-2.3691647384690038,-0.4419522468312685,0.5156299560612438,0.14420454065411115,4.8291923961530125,jumping,train,168538924
2.7600000000000002,1.4311775474252506,-2.1165517770185867,-0.036692531747283895,0.43536806899426445,0.2601383632452084,4.904346724266268,jumping,train,168538924
2.77,2.4400949005261574,-1.7814130932614103,0.5127623814731582,0.2877611128503389,0.5714981949545964,4.845357851535164,jumping,train,168538924
2.7800000000000002,3.490329177305409,-1.4317584303874769,1.0875807138358753,0.12843324236808767,0.9168704873199948,4.763022340546576,jumping,train,168538924
2.79,4.58603992591517,-0.3602459785716307,1.1784234048679527,-0.23632274351759314,1.3886374711108729,4.34452901382895,jumping,train,168538924
2.8000000000000003,5.684908815102737,0.739305876855549,1.2662987951268534,-0.6234605902592223,1.8892458391130962,3.8975405206946583,jumping,train,168538924
2.81,6.802005600328977,1.875761513536625,1.5103463906844634,-1.1823678578941745,2.6676949381264414,3.262344805697255,jumping,train,168538924
2.82,8.070681322899604,2.6128952669080157,1.7428778489867465,-1.7536954388123847,3.46903744007057,2.7335762116093814,jumping,train,168538924
2.83,9.963086958478844,1.7068653466004462,1.9280217255161178,-2.3757056625478654,4.363799337898753,2.639096804284304,jumping,train,168538924
2.84,12.451175203812337,-0.07759435986382945,1.7227755482676057,-2.960562951097663,5.071368464838842,2.800966529348768,jumping,train,168538924
2.85,16.253944110260672,-3.8007620848209376,0.6559325313782991,-3.4629360502101436,5.363346094146958,3.531963573491948,jumping,train,168538924
2.86,21.928338239047513,-7.979580559693674,-1.2075852085907186,-3.9999284730511317,5.1720823571721555,4.091572521581245,jumping,train,168538924
2.87,30.129372728226347,-12.773514476076544,-4.146590971168328,-4.583651322603674,4.328521786551998,4.419835562261262,jumping,train,168538924
2.88,37.39849230711432,-10.958189780386455,-5.795099222817965,-4.623387680964889,3.4423476572495817,3.482424390067145,jumping,train,168538924
2.89,43.87551998876412,-3.5252489959649096,-6.346734132786998,-4.203295299666591,2.5201525250388093,1.4751458819196244,jumping,train,168538924
2.9,51.54470058019604,-0.8684107565663209,-3.481266016748,-3.4835960749097277,2.3309421318205548,-0.2055082356122887,jumping,train,168538924
2.91,59.83651932679883,-0.7060374915314334,1.1688881967562301,-2.6065179072085036,2.526757534693317,-1.7145915013522621,jumping,train,168538924
2.92,63.310213230665035,-2.4068935996168377,4.345817266064368,-2.0393715632747407,2.92866243993001,-3.1091877899716507,jumping,train,168538924
2.93,65.3498414637726,-4.662320908730767,7.084255911494342,-1.5644605216431589,3.3918993094703085,-4.469712905079403,jumping,train,168538924
2.94,64.35173308794175,-6.280126802883147,7.930115074734709,-1.0456783374459226,3.540628489457811,-5.387395002442572,jumping,train,168538924
2.95,62.958523808146126,-7.817654477223475,8.525132093229846,-0.5212954827894236,3.6486615535980014,-6.248146422280599,jumping,train,168538924
2.96,60.11952913741545,-10.390889965723568,5.854853250016249,0.017129236231144866,2.858604669645035,-6.38749197096987,jumping,train,168538924
2.97,57.14695215291289,-12.617168904419254,3.506004827845097,0.5376169853057212,2.072234605357358,-6.49558561796978,jumping,train,168538924
2.98,53.15338234563666,-12.191598678636,3.613904935021718,0.9210093580531138,1.3140435440445337,-6.364815552986115,jumping,train,168538924
2.99,48.86746922484144,-11.526440028593957,3.496958327929333,1.264466946732908,0.6529091708593944,-6.135570224831171,jumping,train,168538924
3.0,43.60676903431342,-10.062399764965376,2.6302847402426965,1.4757679196476534,0.312965552546134,-5.5804396359658845,jumping,train,168538924
3.0100000000000002,38.15836585513474,-8.585434937728838,2.974648517218531,1.7851328629278207,0.044899511286982774,-5.140999431054758,jumping,train,168538924
3.02,32.356844448011316,-7.084155638831603,5.597289114715334,2.280059045994178,-0.08715641064604769,-4.920473991657287,jumping,train,168538924
3.0300000000000002,26.477460125238647,-5.37195262657934,5.83667735750708,2.9207222881772292,-0.4363359118549521,-4.858197974559212,jumping,train,168538924
3.04,20.50694417461256,-3.4128821397307236,3.2866803729396836,3.7319242973227564,-1.0395893439680506,-4.98110245660833,jumping,train,168538924
3.0500000000000003,15.492703638376266,-1.9619630514652693,1.2727701354289889,4.419548336617943,-1.613719132834311,-5.136942290928967,jumping,train,168538924
3.06,11.182948381980172,-0.8853976011215757,-0.3462065752590023,5.01662311343253,-2.1665091600913877,-5.316914839691613,jumping,train,168538924
3.0700000000000003,7.675804078095879,-0.9235660385036243,-1.5935793535691822,5.3271413405939105,-2.6577158390191955,-5.362200109284453,jumping,train,168538924
3.08,4.525699765820856,-1.4576217755472878,-2.6756448127069703,5.509424575061393,-3.121363768259954,-5.3472123811698555,jumping,train,168538924
3.09,1.8850389921629136,-2.7359187694864713,-2.308033266676532,4.883454619009593,-3.2489427375991218,-5.22062865341871,jumping,train,168538924
3.1,-0.6328719265364522,-4.193539867891129,-1.591123655929415,4.06276734076287,-3.295558898857304,-5.0671601889640385,jumping,train,168538924
3.11,-2.4846986372685507,-5.995393358484999,0.13896039171871985,2.6930329900698475,-2.7253489860274285,-4.525132994793635,jumping,train,168538924
3.12,-4.254331436119237,-7.8340661222079655,1.9481552013754246,1.2944394622444768,-2.108259292199955,-3.953275432689568,jumping,train,168538924
3.13,-5.37762427816963,-9.860243336184375,3.5515910198000236,0.36470093834637507,-1.6297793991067868,-3.460698638307835,jumping,train,168538924
3.14,-6.475270813085329,-11.579945324579182,4.919193014186005,-0.42904825863669227,-1.1924427424167154,-3.029052368612376,jumping,train,168538924
3.15,-7.428611747638716,-11.575184949197098,4.95981481665466,-0.45790972763578414,-0.9865209866470859,-2.940116895781713,jumping,train,168538924
3.16,-8.376383648199289,-11.821091117238396,5.501525468216313,-0.3015960552699076,-0.7138118605104652,-2.8090187487233096,jumping,train,168538924
3.17,-9.308783828842145,-12.7588903322925,7.426348065585233,0.3623424200412647,-0.2580170055234954,-2.562339109253261,jumping,train,168538924
3.18,-10.425328398179209,-14.209129627071135,9.132538216295098,1.1118043403971738,0.1547823625011369,-2.1595362203255357,jumping,train,168538924
3.19,-11.8394346818309,-16.48742862916783,10.485436876050176,2.0002247323396336,0.49772267433026085,-1.50306431569778,jumping,train,168538924
3.2,-13.419298472505377,-18.375980048934423,10.694298741496581,2.67135154654941,0.6386689516963915,-0.6534729588913194,jumping,train,168538924
3.21,-15.167595910304065,-19.868491446569404,9.740653441078242,3.121698160673702,0.5743800637615603,0.3923365822594483,jumping,train,168538924
3.22,-15.754524709629719,-20.483407820132463,8.447415038151965,3.1961951224353555,0.4716759530991274,1.4654749804419176,jumping,train,168538924
3.23,-15.602088562426042,-20.53961873484959,6.93798065079863,3.0327383889748587,0.3446508296504649,2.555915516529752,jumping,train,168538924
3.24,-14.05888773354375,-19.157107111008575,6.124141676439312,2.6907927468766357,0.24208980760449098,3.3712719386321535,jumping,train,168538924
3.25,-11.994336878984,-17.235267704185095,5.571057588368867,2.281500386871855,0.14875948201232295,4.082834728028957,jumping,train,168538924
3.2600000000000002,-9.443582600811471,-14.706927904352861,5.391066293990148,2.0044615880212033,0.2053214899326031,4.462867400375983,jumping,train,168538924
3.27,-6.800950694548532,-12.063978015740295,5.281578166140703,1.752410116956471,0.2902034072555827,4.780262427026871,jumping,train,168538924
3.2800000000000002,-4.960607277045224,-9.945491275041926,5.506016220915746,1.7459413975470277,0.5022477976624353,4.863382605576152,jumping,train,168538924
3.29,-3.2362124012371343,-7.8935409705397355,5.690605693240358,1.7584115397328166,0.7142346824212455,4.9341396273165214,jumping,train,168538924
3.3000000000000003,-2.52488723639836,-6.385265259656111,5.168607928705581,1.8755590078672002,0.8516358713815694,4.979507810187043,jumping,train,168538924
3.31,-1.836505273576476,-5.039174535140858,4.581090732061016,1.9794257581458015,0.9627947798342809,5.045422581957384,jumping,train,168538924
3.3200000000000003,-1.2484426421336294,-4.402238939898112,3.7070893028858958,2.025231822559183,0.9592276003235781,5.201162998445838,jumping,train,168538924
3.33,-0.7296963828202148,-3.7665106065799527,2.831759346766719,2.062838311745449,0.9242644097840732,5.349073314590219,jumping,train,168538924
3.34,-0.3717892801079498,-3.1335835593617096,1.9533467256631223,2.081539654885115,0.8169137897326749,5.478930355233864,jumping,train,168538924
3.35,0.41066033883799946,-2.538363711727761,1.0708126065812666,2.0424846808486183,0.7314154254119137,5.458840645677546,jumping,train,168538924
3.36,1.78542385140525,-1.995752253947198,0.1825282494863316,1.922419086427545,0.6765676440939171,5.228431444639447,jumping,train,168538924
3.37,3.229319802264186,-0.16801539606622817,-0.5461093942677336,1.6718529015982282,0.8726644515798081,4.597867776891616,jumping,train,168538924
3.38,4.73422692510925,2.7938779988458085,-1.133854667878754,1.3061391369969495,1.290182955069119,3.614226638517593,jumping,train,168538924
3.39,5.589223843771624,5.137702856607133,-1.0290051058256215,0.8494282590165,1.7975507463692408,2.666077789315689,jumping,train,168538924
3.4,6.088452010692094,7.143189478504552,-0.5450207055113336,0.3431964260265261,2.3538148418936133,1.7372439709979055,jumping,train,168538924
3.41,5.940233799194837,6.26674078241619,-0.48379808298032245,-0.015596563522821981,2.712894848036332,1.3436218104934607,jumping,train,168538924
3.42,5.590433515339257,4.493003116665249,-0.5542021064855704,-0.3281559243388272,3.010142193478182,1.1178304366640064,jumping,train,168538924
3.43,5.424799626599448,1.715946280016957,-2.389435931307865,-0.6158989914966588,2.800733875448993,1.4111715599843924,jumping,train,168538924
3.44,5.285164431868268,-1.2027487100019276,-4.473810050986206,-0.9001395416969808,2.5198172944470434,1.7777818990667695,jumping,train,168538924
3.45,6.29955680456178,-2.2182218821802904,-6.347469391241783,-1.3434210643156863,2.411759319476247,1.9695640784732857,jumping,train,168538924
3.46,7.855639995731302,-3.129515661666304,-8.074532612286292,-1.7564880909242415,2.3673896894170956,2.155444110861393,jumping,train,168538924
3.47,13.817388544519424,-3.315671632182599,-8.60192161154857,-1.9057984120777036,2.847483695621042,2.3025670984664672,jumping,train,168538924
3.48,21.0965448145402,-4.25458501018911,-9.023244547447748,-2.1500329849838993,3.3124169590536323,2.4121694036061236,jumping,train,168538924
3.49,33.00965768026845,-7.8413082478055625,-9.071482123378017,-2.7281618074931253,3.7240225982217416,2.389793422006011,jumping,train,168538924
3.5,44.24257949200987,-8.504948322953487,-9.554407611433295,-3.4712973520549806,3.765967603285983,1.891712403768618,jumping,train,168538924
3.5100000000000002,54.133582793847914,-3.401768357296239,-10.894909440567256,-4.53801688773392,3.082995090723199,0.4607570611721392,jumping,train,168538924
3.52,62.26595632508617,0.45178109489355006,-9.90644502613848,-5.1690756727409655,2.8375211728062433,-0.8793911265076839,jumping,train,168538924
3.5300000000000002,68.27249697572967,2.79477631984656,-6.10272460892159,-5.270749275397393,3.123665659686015,-2.109196662961514,jumping,train,168538924
3.54,70.5672249943402,2.350688774280051,-2.065447194801992,-4.443892134251823,3.0827653171686915,-3.0988969979055296,jumping,train,168538924
3.5500000000000003,70.0210613346632,-0.22653452850042377,2.1505865830364645,-2.9063700095514853,2.79155629089851,-3.9048292021535027,jumping,train,168538924
3.56,65.46425557515985,-2.88092594619764,2.248269179221532,-0.9697019242471195,1.578750890599533,-4.047768662583833,jumping,train,168538924
3.5700000000000003,59.032809057714445,-5.57138702302585,0.4209660029340892,1.1524026921878996,-0.062212756481608296,-3.8826927935036224,jumping,train,168538924
3.58,52.96488271849855,-6.061313811455957,-0.06240594421895996,2.6658821268262423,-1.3982189546808423,-3.5849804508415577,jumping,train,168538924
3.59,46.98910185274325,-5.993446876141704,-0.20511680342281519,4.02387065295044,-2.65631495099717,-3.2533822842008044,jumping,train,168538924
3.6,43.436493133661074,-1.4649832085269767,0.3749687016742252,4.071712905142653,-2.9997180834058184,-3.366458221304155,jumping,train,168538924
3.61,40.07727180697518,3.442232172586937,1.0268801659482676,3.9682171472140815,-3.2290619686942192,-3.526828142034655,jumping,train,168538924
3.62,35.18153534303877,6.355983559810818,1.7392010925732702,3.0206697850324646,-2.5762062634315965,-3.831720732546489,jumping,train,168538924
3.63,30.047578858254,8.853353446425634,2.4044857751554534,2.081427685778351,-1.901031759900049,-4.136539742864139,jumping,train,168538924
3.64,23.484465078193846,8.852718937384969,2.7875851440237254,1.1925326631672282,-1.0905591620345854,-4.440912704970245,jumping,train,168538924
3.65,17.280279363944366,8.24266103990481,2.7597739517230924,0.4701410569131397,-0.4472697857605401,-4.696970343161797,jumping,train,168538924
3.66,12.115994658631447,5.866956883815462,1.5414559480435341,0.2300881933719026,-0.28828845955182675,-4.813064771585105,jumping,train,168538924
3.67,7.637084237063423,3.2694786058381813,0.21011873928868396,0.28430369461340477,-0.48814691349337047,-4.819678108168478,jumping,train,168538924
3.68,4.317154742458279,0.29697607693926026,-1.3123360911359252,0.8332814818643232,-1.2913335235870096,-4.642217579681361,jumping,train,168538924
3.69,1.5265225628994477,-1.923169977631457,-2.2613685271417294,1.444155535069874,-2.220968595730014,-4.415766144350977,jumping,train,168538924
3.7,-0.7086466983278062,-3.3537671133312728,-2.6086316596082124,2.1203229602831124,-3.2839921097289264,-4.137634992059081,jumping,train,168538924
3.71,-2.5630653346897914,-4.572257895393578,-0.7940148359233836,2.652075398740186,-3.8630932936853006,-3.8092952699027,jumping,train,168538924
3.72,-4.16540122493516,-5.65031988075295,2.4519131939197547,3.0882347959759966,-4.121870332047524,-3.447720839932886,jumping,train,168538924
3.73,-5.429393297134503,-6.688398699766314,6.0677054229569904,3.1165299793357573,-3.9233147950673724,-3.229735306228817,jumping,train,168538924
3.74,-6.559642977161764,-7.710672754429044,9.82969959256701,2.984647275233156,-3.5451539794335494,-3.068140515532871,jumping,train,168538924
3.75,-8.231486518304491,-7.943971119494552,12.427322308105232,2.540503123341727,-2.8297941323462084,-2.93044196760655,jumping,train,168538924
3.7600000000000002,-10.01188374826556,-8.019132128059566,14.791565686156572,2.0331880809324683,-2.0462184896507036,-2.797577660174769,jumping,train,168538924
3.77,-11.941562429970425,-8.862905419080192,15.62983304665681,1.6036732429200684,-1.3248321705137647,-2.591708291430581,jumping,train,168538924
3.7800000000000002,-13.855985598403178,-9.760675061398771,16.289702929724864,1.1818654381766835,-0.6223130668737961,-2.3594882045184966,jumping,train,168538924
3.79,-15.411151032432072,-10.822011109775408,15.543401349302345,0.8095337319672221,-0.14805359769851203,-1.7969020907716196,jumping,train,168538924
3.8000000000000003,-16.709899752077376,-11.957807583761628,14.710699894876166,0.4436448155689518,0.28127236077188683,-1.2045667869437466,jumping,train,168538924
3.81,-16.825335423097137,-13.437224376890246,13.479279899212045,0.10775285952064075,0.5013925592384064,-0.4737223432166843,jumping,train,168538924
3.8200000000000003,-16.57204237202512,-14.475320974407264,12.153697779541506,-0.23826209329778533,0.6942054900013127,0.2062804977748422,jumping,train,168538924
3.83,-15.423829410441328,-14.442315142682162,10.599580277242495,-0.6088401751368975,0.8207582060234427,0.762917810161051,jumping,train,168538924
3.84,-14.137443715463402,-13.939762251775965,9.22451320791622,-0.9676757595609856,0.9929417826850367,1.2206316162703594,jumping,train,168538924
3.85,-12.649623483563113,-12.752682159981433,8.110474057526114,-1.3094858113672556,1.2312858768872297,1.5349155093670601,jumping,train,168538924
3.86,-11.18593372609519,-11.558987892182321,7.158338444142429,-1.6694726176981234,1.4807931611787648,1.791090274623235,jumping,train,168538924
3.87,-9.744237169249596,-10.359265276277949,6.353766318614972,-2.046110749465483,1.7405267986311765,1.9940325446508622,jumping,train,168538924
3.88,-8.531516953067026,-9.172762243598472,5.315193113809295,-2.441247376233126,1.9102204371051794,2.1816261438655653,jumping,train,168538924
3.89,-7.449343182036406,-7.993796101374077,4.143208706024861,-2.846929449859284,2.0285849255942643,2.360469918167303,jumping,train,168538924
3.9,-6.544973372028716,-7.0257739743876835,3.3669924261287125,-3.2536478904097668,2.1290791801243394,2.545833435960636,jumping,train,168538924
3.91,-5.699271133029307,-6.127354194399357,2.7213624088339867,-3.6607058298908206,2.223719402481741,2.7333327281509447,jumping,train,168538924
3.92,-4.84219493349337,-5.591822816010357,2.471909273127765,-3.8499336058751874,2.1279360534894485,2.912521510209618,jumping,train,168538924
3.93,-3.9833926347808393,-5.111362964304455,2.2825794855623958,-4.005729267214192,2.002926895883915,3.090434812678961,jumping,train,168538924
3.94,-3.1508008296311063,-4.533655619617568,1.5596069092261557,-3.698603758934809,1.57570979222705,3.1976089318399707,jumping,train,168538924
3.95,-2.321037863704684,-3.945497819237221,0.869443960995094,-3.35531569037618,1.1359297590374051,3.292830724336751,jumping,train,168538924
3.96,-1.5131269353685046,-3.276684710681428,0.5760045864710186,-2.7581600199787326,0.6317153645248885,3.2903210009280897,jumping,train,168538924
3.97,-0.6779193118978851,-2.6520446230988726,0.31952360644425615,-2.1527389321021184,0.15594216929572383,3.263160042948779,jumping,train,168538924
3.98,0.25794682732239227,-2.190295709904161,0.19932934963711238,-1.5166020872722463,-0.21413848628218574,3.144390726216705,jumping,train,168538924
3.99,1.3587386532399484,-1.6496661224298885,-0.051875545910401465,-0.9303324144168108,-0.5441563093293827,2.977016515078552,jumping,train,168538924
4.0,2.7988863785395304,-0.9467293607363898,-0.5726517497767397,-0.44665950659327674,-0.7917488242445682,2.709642549927235,jumping,train,168538924
4.01,3.966989455260278,-0.09377410627328797,-0.9673807334528433,-0.09607139791352635,-0.8638283947684188,2.343716050898322,jumping,train,168538924
4.0200000000000005,4.791742647738988,0.9485207745920502,-1.2030244394458987,0.08746092115717816,-0.7155938971151062,1.8540806724870675,jumping,train,168538924
4.03,6.117728463772998,1.6113690515550294,-0.8597417048815938,-0.05904637810308618,-0.14800266181403235,1.5289009821645319,jumping,train,168538924
4.04,7.840067817263658,1.9741670192109548,-0.0586684517862477,-0.4679336552827078,0.7529752502769222,1.3344628071413809,jumping,train,168538924
4.05,11.951571345341545,1.1550204371905373,1.1798436383211526,-1.2151853528336911,2.1288285193258605,1.7669711639502341,jumping,train,168538924
4.0600000000000005,17.228584312748218,-0.24071587611058196,2.63175215345855,-2.127483572529509,3.7363152622258373,2.505289879117815,jumping,train,168538924
4.07,25.84745874346253,-0.05432207825329843,3.826714634992732,-3.6909188994780164,4.967083035000258,2.8182390553060555,jumping,train,168538924
4.08,35.369947969695374,0.5598680817735917,4.952200796169901,-5.42903381204814,6.096788968625396,3.017074976425094,jumping,train,168538924
4.09,45.49500510132311,5.866851823773039,3.923314913556309,-6.617042788238328,4.986651156912105,2.3026111283741293,jumping,train,168538924
4.1,55.676157304207756,11.6093812341109,2.736905452340564,-7.709506401795834,3.632345393011578,1.492503715152253,jumping,train,168538924
4.11,65.38442709166583,13.593497497160232,5.701972346517906,-6.751471426697248,2.2005220786519444,0.8744061763367711,jumping,train,168538924
4.12,74.47646667607054,15.441446448185166,9.551489194527017,-5.596648399160144,1.0317159011597024,0.11283215179101261,jumping,train,168538924
4.13,79.52432488357489,16.3957597015388,19.205453819308243,-3.1653108051833754,1.5690356915489112,-1.5794377239852595,jumping,train,168538924
4.14,81.06345978322352,17.046655418262986,26.454945981285753,-0.7794993740823883,1.8747548301804962,-2.995317529883447,jumping,train,168538924
4.15,71.99509102974484,16.780265174873513,26.435284039282465,1.4677197728771505,1.4754274349461605,-3.5698013410656264,jumping,train,168538924
4.16,62.09399617218549,14.367419865808024,23.407571918296636,3.3247837914179024,0.7741677779000494,-3.8102853734821855,jumping,train,168538924
4.17,50.726903788624256,8.175783666758084,15.084248072322168,4.4951327186990175,-0.4585252132784148,-3.4628937845135535,jumping,train,168538924
4.18,41.83057689215596,5.7821519307637015,9.61072226752963,5.223340049111574,-1.3397865249369805,-3.3967084232180804,jumping,train,168538924
4.19,35.64008575418643,7.547869327967527,7.258126184563328,5.469938922440343,-1.8382463310537671,-3.6368305851034672,jumping,train,168538924
4.2,29.66741796527428,8.778981940183666,5.100995764012418,5.530302479382984,-2.171500247514944,-3.8250345206361938,jumping,train,168538924
4.21,23.843862643771132,9.644127180566992,3.0776727031530466,5.4624920476595875,-2.3910533995927716,-3.977506424859201,jumping,train,168538924
4.22,18.116699895285965,8.609027013334208,1.5211819383715985,5.286318773849738,-2.444232465953406,-3.9504963870181737,jumping,train,168538924
4.23,12.429417648397186,6.787738267041529,0.15783371088636994,5.0653178260822385,-2.4285856956533594,-3.8492380383612415,jumping,train,168538924
4.24,8.028958838207757,5.048954871535295,-0.7939335175049552,4.589831585897216,-2.297457080882679,-3.6126574108389833,jumping,train,168538924
4.25,3.9064636702644377,3.3279932588434766,-1.6567961220569076,4.059879051614964,-2.141612428324211,-3.3471143903683203,jumping,train,168538924
4.26,1.6294966203989012,2.340158291379491,-2.0791144265652406,3.1376989054662703,-1.8268638027170157,-3.1229356514976505,jumping,train,168538924
4.2700000000000005,-0.45675991455666254,1.4041887121756418,-2.4285731168762688,2.1756876852241116,-1.4837846778013861,-2.9153668181229215,jumping,train,168538924
4.28,-1.2733196157048556,0.540660170502402,-1.9807823150608825,0.9672350589000543,-0.8205382950886285,-2.9580105324803836,jumping,train,168538924
4.29,-2.0522687201196868,-0.40326929616957496,-1.545809533633734,-0.15139586516221268,-0.1915109262939951,-3.036388908896238,jumping,train,168538924
4.3,-2.6442286192269995,-1.74692932755677,-1.1745643091768798,-0.8276487338350919,0.26898544772698757,-3.2907629513184493,jumping,train,168538924
4.3100000000000005,-3.3483616204031263,-3.2965126157205007,-1.2082789120946096,-1.2278179743543884,0.48697633933439854,-3.459614422363034,jumping,train,168538924
4.32,-4.335590812416066,-5.365793483098691,-2.2640084406710526,-0.9267667717136829,0.08903138938525623,-3.411248466200219,jumping,train,168538924
4.33,-5.6055377461467515,-7.48094608772972,-2.948035992392478,-0.4171205775488233,-0.432262978132389,-3.1334437664224484,jumping,train,168538924
4.34,-7.3040327511170835,-9.665631804802421,-3.0686317471232045,0.4086850074054535,-1.1405133047923781,-2.5078876039908207,jumping,train,168538924
4.3500000000000005,-8.774603796991077,-11.641282869820786,-2.151317683544889,1.2172564793940768,-1.6684080714384282,-1.7191172176204017,jumping,train,168538924
4.36,-10.02839031034082,-13.418115524055757,-0.24682001866272357,2.009523995787157,-2.025681405596874,-0.7759415848101319,jumping,train,168538924
4.37,-10.751989416762473,-14.150965007776946,1.9986446104852242,2.5246266259801216,-2.133871568137241,0.03102269355045534,jumping,train,168538924
4.38,-11.16267956440942,-14.267670685373949,4.445343022953587,2.8752589700883022,-2.0942551991339533,0.7571588383712107,jumping,train,168538924
4.39,-11.00681836108313,-13.237481895785985,5.785218463134014,2.891881392577028,-2.0216868065696945,1.218775034409672,jumping,train,168538924
4.4,-10.654556663126904,-11.809711068388804,6.741403036014197,2.792730839307627,-1.9376967358516521,1.5887045480004454,jumping,train,168538924
4.41,-10.02401394702217,-10.488389170470317,7.514869597546691,2.506152057329236,-1.6816284379014503,1.855832935981139,jumping,train,168538924
4.42,-9.347261387239918,-9.184743607156214,8.257994992449804,2.1887916169607515,-1.3972994385429383,2.1060781193749794,jumping,train,168538924
4.43,-8.34865643770692,-8.279131550961841,9.15547809063643,1.7266221037122238,-0.9714929019120809,2.2712291393218966,jumping,train,168538924
4.44,-7.339232434795233,-7.383510003102685,9.992061145879163,1.257587612064618,-0.5341409475552186,2.422739519460343,jumping,train,168538924
4.45,-6.306883348225021,-6.48095826447766,10.151689759447526,0.759477513774998,-0.018032732395645065,2.4571953895788723,jumping,train,168538924
4.46,-5.312358076153956,-5.629571818278255,10.244019899947508,0.27236296614391114,0.4887926048943537,2.4789556720265042,jumping,train,168538924
4.47,-4.466644749357876,-4.979487297790013,10.07157461195207,-0.17185485561423583,0.9594028330325352,2.451186907587187,jumping,train,168538924
4.48,-3.7055848593919016,-4.3673286298199185,9.650727658295063,-0.5836883954539577,1.3624214086337834,2.398366141549016,jumping,train,168538924
4.49,-3.1252273734593263,-3.8361270142942034,8.699639053126985,-0.9259805842491424,1.6202950386534893,2.2917492147085388,jumping,train,168538924
4.5,-2.745200848433967,-3.33882576689998,7.630437769355836,-1.2569351002880578,1.828669663888122,2.179136868404241,jumping,train,168538924
4.51,-2.627780240287573,-2.885963168506337,6.40640725639751,-1.5730289885023547,1.9721644585249603,2.058666145939366,jumping,train,168538924
4.5200000000000005,-2.531015041609773,-2.6228835714866845,5.264361290718125,-1.8686144603270602,2.044160433564302,1.9887841770914387,jumping,train,168538924
4.53,-2.4513037208512354,-2.5164959123103516,4.190004830913193,-2.147357315401351,2.05743772483459,1.9604484189729592,jumping,train,168538924
4.54,-2.430424546893639,-2.521405751729056,3.3567265474972876,-2.3523425615682423,2.033187154660804,2.0248875324497106,jumping,train,168538924
4.55,-2.4393042607649473,-2.5826128700407742,2.6453921127978277,-2.5198023880272795,1.989843656011055,2.1365274167557353,jumping,train,168538924
4.5600000000000005,-2.2186251518136575,-2.627314800126557,1.9497155680064626,-2.5757985039497724,1.81215904734091,2.259010331195466,jumping,train,168538924
4.57,-1.9323691306395387,-2.667301776257591,1.2585119337288007,-2.5999578412820905,1.5961033118287926,2.3845902818629527,jumping,train,168538924
4.58,-1.5152228537647776,-2.445033394841531,0.8470276332521077,-2.464754765278304,1.249142773655589,2.4665800202368393,jumping,train,168538924
4.59,-1.0841581264222337,-2.1898910024769886,0.47108029843999755,-2.3092676075404444,0.887262402114532,2.5429833604958154,jumping,train,168538924
4.6000000000000005,-0.8463097399654047,-1.7836459697842375,0.3074406309927385,-1.9749193156881228,0.5976342891658211,2.565667451931076,jumping,train,168538924
4.61,-0.5685090879195094,-1.4389393716948715,0.22224570621831705,-1.6353007381325242,0.3330199703549851,2.600449666254571,jumping,train,168538924
4.62,-0.005517685661393409,-1.5335118000296895,0.6970118921143662,-1.2580698673355644,0.24692086175400554,2.7215721989894255,jumping,train,168538924
4.63,0.6549572768001647,-1.531161481984496,1.1291665894222958,-0.9250715712595444,0.292333618625902,2.8065677240797378,jumping,train,168538924
4.64,1.6276897386717564,-1.2183500527794886,1.4248289710526159,-0.7327148086839924,0.7559004293891354,2.776694110577803,jumping,train,168538924
4.65,3.279279183251064,-0.7535809650165297,2.2304949137953867,-0.8917981246784827,1.5002141203065977,2.7512452141687214,jumping,train,168538924
4.66,6.1683439684651775,-0.011811183328300768,3.965836541680809,-1.6951517873797641,2.7592012956761507,2.733907840005747,jumping,train,168538924
4.67,11.55638169564198,0.1315804311764104,5.415289604723157,-3.016885119483766,4.0159373355200225,2.698656731873693,jumping,train,168538924
4.68,19.78576743368036,-0.40538770792811535,6.539685564743434,-4.927903827765784,5.270114321983951,2.6430415892630394,jumping,train,168538924
4.69,29.69378963399047,-0.16349761965329532,8.189221384019968,-7.067647450513087,6.079205370609103,2.763071840744394,jumping,train,168538924
4.7,40.80256519131008,0.6355212169722424,10.214397470307299,-9.370099788630926,6.57167432607614,3.0080514730150134,jumping,train,168538924
4.71,50.972663071841325,0.5085089017402005,12.883651075669077,-10.292214350618357,5.804942593940408,2.964234224228327,jumping,train,168538924
4.72,60.73915970019673,-0.016667066133819998,15.829837327481076,-10.61716903876594,4.493457152422109,2.7954780568379745,jumping,train,168538924
4.73,67.20690651731974,5.359549143085823,19.84664434464553,-8.720864703373863,3.833677332814266,0.9080614915492446,jumping,train,168538924
4.74,72.91608549904434,12.092826828858103,24.109647200529974,-6.313850211442054,3.3237371656993706,-1.3745081430337234,jumping,train,168538924
4.75,68.3102540722883,13.18176506270015,29.837034725773872,-4.146121891010674,3.4568791822347706,-2.0118837416124187,jumping,train,168538924
4.76,62.70135460123082,13.408356569354744,35.170306365102626,-2.017403335976077,3.5802654922630093,-2.4787628029830264,jumping,train,168538924
4.7700000000000005,52.71603476418203,4.494953301495938,29.58016340996251,-0.35100881853796223,2.4028765928956672,-1.9355581495625842,jumping,train,168538924
4.78,43.36048126195965,-2.61237841808029,23.933409423735387,1.1762698074082552,1.1970511838148041,-1.5082872627218826,jumping,train,168538924
4.79,37.35775044366159,-0.10433802103312645,17.985263097692116,1.9629071972404062,-0.16016779705162512,-1.6982379403351278,jumping,train,168538924
4.8,32.250369852785646,2.5043710305077678,13.875383981070959,2.509510531494232,-1.1527909650923813,-1.9083368894256452,jumping,train,168538924
4.8100000000000005,29.525574797377477,5.380965958129352,14.657254181479294,2.4215886866270844,-1.1816124638967767,-2.171697387329714,jumping,train,168538924
4.82,26.768667333195054,7.241932890348332,15.50799085666121,2.4288384705898958,-1.0481352151782548,-2.394150525374349,jumping,train,168538924
4.83,23.96142231455744,7.510860125894451,16.4666786341226,2.5860883186079366,-0.658858808414231,-2.55212954781668,jumping,train,168538924
4.84,20.382208453597293,7.720480586009845,15.238653301785074,2.960427117551053,-0.5478319130223946,-2.782373375376212,jumping,train,168538924
4.8500000000000005,16.040764318921966,7.871542439622818,11.851500760111808,3.5490953067408775,-0.7115175161465098,-3.083963402505407,jumping,train,168538924
4.86,12.336107855275468,7.762923152554837,7.949083514930051,4.301523671939337,-1.261885897460332,-3.4428244261042953,jumping,train,168538924
4.87,9.024709649252463,7.493933686276355,3.7284564350800258,5.154510606816761,-2.049700696102043,-3.836853276396157,jumping,train,168538924
4.88,7.045985222652755,6.509584757838675,0.5476885996935805,5.927550319871291,-2.950486830570424,-4.161278061950199,jumping,train,168538924
4.89,5.548809231638311,5.266747791891207,-2.257336424412371,6.671509846529448,-3.8923654186398133,-4.460384904861969,jumping,train,168538924
4.9,4.401769599702302,3.758802014013029,-3.005727314968196,6.849433792291758,-4.462126334068453,-4.533064654888396,jumping,train,168538924
4.91,3.317360489328433,2.20343498800868,-3.386238477792948,6.926127521635283,-4.965337453325118,-4.565250018361274,jumping,train,168538924
4.92,1.7853013442215375,0.7825799224270601,-1.83696060798121,6.1646784507609125,-5.015704917239937,-4.472752529613683,jumping,train,168538924
4.93,0.24299983064395497,-0.6457976511085795,-0.22573734956442582,5.332779992068197,-5.014443668503138,-4.369482501586461,jumping,train,168538924
4.94,-1.2205793093431183,-2.2203741782582145,1.2517957438740541,4.033706743037861,-4.601186814541778,-4.193275003917781,jumping,train,168538924
4.95,-2.773072663453409,-3.7995159092500317,2.972553776583773,2.823714420059144,-4.069047813236009,-4.029537151163715,jumping,train,168538924
4.96,-4.6965490392645055,-5.397705360933114,5.708136309667655,1.9853425259618291,-3.040966116442959,-3.9178191302250784,jumping,train,168538924
4.97,-6.479337623436614,-7.316658049240172,8.109610994381882,1.411317362599326,-2.0275255646131582,-3.7530680158100362,jumping,train,168538924
4.98,-7.94655335431258,-9.955105788502008,9.7616577025079,1.4264565902818858,-1.0467165540642882,-3.4701190703251115,jumping,train,168538924
4.99,-9.668808270308036,-12.688425080281494,10.619536915720577,1.6369227655730014,-0.3122859927352195,-2.9941292737104113,jumping,train,168538924
5.0,-11.736530153316489,-15.550253987117955,10.40166521779663,2.1133773235932174,0.08663630386333386,-2.2552642086224384,jumping,train,168538924
5.01,-13.69514549191242,-18.31642715025149,10.090075266313523,2.507806943514659,0.36984941487710354,-1.131682665372698,jumping,train,168538924
5.0200000000000005,-15.560228213810278,-21.000598522760093,9.69814445594812,2.8319268171311087,0.5538794765379007,0.32166831880429325,jumping,train,168538924
5.03,-16.42427282436586,-22.88000134177676,9.318070282020471,2.9319516678155897,0.6235629140016149,1.9052819827464103,jumping,train,168538924
5.04,-16.75741005623675,-24.332589678566265,8.944284355962557,2.913816716893727,0.6329541849874325,3.557579958354154,jumping,train,168538924
5.05,-14.947280149481356,-22.89492307409533,8.416855407370324,2.842316783114191,0.519763601416607,4.642143461333654,jumping,train,168538924
5.0600000000000005,-12.496141390291642,-20.592838325124106,7.843474866564319,2.7547397094407775,0.3696430776748274,5.555666966729796,jumping,train,168538924
5.07,-8.72657100137345,-17.092975084608717,6.8385218638135745,2.855702291600588,0.3178439552710041,5.727276784090591,jumping,train,168538924
5.08,-4.783143097890724,-13.435164486912882,5.776658730953423,2.981527016946967,0.27901017295738656,5.801052730574243,jumping,train,168538924
5.09,-2.2020507483042815,-10.167328294879658,6.012906970684094,3.118346663463898,0.6070034347052276,5.369775849463055,jumping,train,168538924
5.1000000000000005,0.16519850526115928,-7.006718761191372,6.168906965567135,3.2382391649813727,0.9298865348978935,4.928187193755216,jumping,train,168538924
5.11,0.9003085245449224,-4.667876536622388,5.691624572555607,3.226005856890671,1.2124663201135883,4.406694546767821,jumping,train,168538924
5.12,1.4309126394157623,-2.643099414318412,5.072528098181898,3.1788557182065453,1.4486316970537012,3.9365069670480213,jumping,train,168538924
5.13,1.271282021575805,-1.6783339456534139,3.974790164410468,3.013872930130109,1.5281639373620415,3.639456865749011,jumping,train,168538924
5.14,1.137256914955452,-0.9920330047035746,3.010901439680467,2.8080026543628307,1.5623890384911194,3.3832398849056298,jumping,train,168538924
5.15,1.0521468129286846,-0.8376915132456273,2.302709022630348,2.524486955548369,1.5105757893251173,3.20456508361813,jumping,train,168538924
5.16,0.9628614621058542,-0.262934305097523,1.5812610684085695,2.181835603928911,1.496348842325365,3.014275951807194,jumping,train,168538924
5.17,0.8686734795818785,0.8054805318473833,0.844248289207988,1.769383657968002,1.5264867768455894,2.8102778790281437,jumping,train,168538924
5.18,0.9983641182668511,1.528079682490374,0.8205563134942493,1.205009421613322,1.8544818647202295,2.6893114805237026,jumping,train,168538924
5.19,1.2944582401316762,1.9936425228858383,1.3270581798002448,0.527737618024945,2.403822667629166,2.6300481672257936,jumping,train,168538924
5.2,1.6842981684270644,2.2254111853029714,2.1885391460374812,-0.2704932900056826,3.419587203326073,2.725469067670575,jumping,train,168538924
5.21,2.11651779480819,2.3514884354406744,3.210495632776783,-1.1230644219723427,4.644890080147762,2.890381015134107,jumping,train,168538924
5.22,3.2564450806320098,1.8473560342583768,4.018907090350573,-1.9984575734460865,6.247640592547158,3.4154643721437536,jumping,train,168538924
5.23,4.567799324147689,1.19056890086804,4.77559185796764,-2.8794245109720644,7.9425745493587705,4.028511827961207,jumping,train,168538924
5.24,8.527348098124623,-0.19874021840213796,3.8431620233366552,-3.957227165438142,9.158315649224686,4.382371372156452,jumping,train,168538924
5.25,12.841632205603354,-1.4267850027614826,2.701810493048138,-5.021848585485143,10.289612825377484,4.636184173647209,jumping,train,168538924
5.26,20.605808094895803,3.8193056082240715,-0.14338132704529685,-5.245776196905078,10.264758915406476,2.7702830758283876,jumping,train,168538924
5.2700000000000005,28.508714129839444,8.755737899964126,-3.124013339612493,-5.67635199387117,9.88803228364233,0.82888994921666,jumping,train,168538924
5.28,37.1971559211884,11.938782844665962,-6.871552310602779,-7.289237544242247,7.498113279374587,-1.5444206496441897,jumping,train,168538924
5.29,44.34416130152089,12.781869818473487,-8.205400866222448,-8.78803273682105,5.580065716999513,-3.3946068014195854,jumping,train,168538924
5.3,47.189268026212616,7.094514162728642,-2.8030315157341827,-9.968500312252633,4.978603662849485,-3.7852045888972246,jumping,train,168538924
5.3100000000000005,50.3352826334348,0.3544278529303626,4.937845389306608,-9.814825031154887,4.671804478498625,-3.836038369799261,jumping,train,168538924
5.32,53.97469153434835,-8.111805652269755,16.513139237727998,-7.485788309917531,4.845462271948176,-3.3328763660409715,jumping,train,168538924
5.33,54.9968222099459,-12.837165478659468,23.715717995349742,-4.366785678586384,4.384444764985517,-2.7917334538678715,jumping,train,168538924
5.34,53.3505730835966,-13.74861218354026,26.460205704378744,-0.4382134549790613,3.273001945212247,-2.2116671044340337,jumping,train,168538924
5.3500000000000005,49.46079283616939,-13.16057307251205,26.02234401637894,2.541164620648307,1.8357183341876644,-1.6593383866427507,jumping,train,168538924
5.36,44.12989917416112,-11.60935181349433,23.54032686164311,4.910835789673883,0.18913362148543678,-1.124826704092674,jumping,train,168538924
5.37,41.89502099569147,-10.250442759944994,20.30710794464816,6.183182846604665,-1.4691101614664848,-0.8871927042041484,jumping,train,168538924
5.38,40.84097446213526,-8.964882285925567,16.787377924169814,7.039813026220731,-3.131770936830377,-0.7620296341167414,jumping,train,168538924
5.39,41.85413894686887,-5.581844015203905,19.075318664088098,6.943132969877606,-3.0553926364158634,-1.2423948476347917,jumping,train,168538924
5.4,43.26029996507951,-1.8000552077173206,22.467353014294808,6.663469724255311,-2.6452143783759645,-1.8389882231440102,jumping,train,168538924
5.41,41.87792763360703,1.0600251089865318,25.871077926131086,5.718258507461373,-1.7118624954977006,-2.179673241515248,jumping,train,168538924
5.42,40.121034989590996,3.7672250153235134,28.86384841597176,4.796053575619575,-0.8175936713253488,-2.5027497559959477,jumping,train,168538924
5.43,35.12659697602137,5.011785675098769,26.303592044140807,4.602560928441801,-0.7737946940528077,-2.7562332106291954,jumping,train,168538924
5.44,30.000206068008836,6.070799380103431,23.47730617489123,4.563535283190509,-0.8642644530050878,-2.9897551747931184,jumping,train,168538924
5.45,24.293674437000092,6.314042086333529,19.481401816992157,5.209385750752577,-1.5500552125020326,-3.1347718412034453,jumping,train,168538924
5.46,18.718446130106223,5.6119810538673836,15.82184272310282,5.85944694113292,-2.2237728942524306,-3.0875840495502107,jumping,train,168538924
5.47,13.451021631343163,2.6939205973771476,12.95075074386467,6.519377840292391,-2.869191928343337,-2.5898793017811403,jumping,train,168538924
5.48,8.54179878020322,-0.6610214739370126,9.975460229148622,7.105069541731221,-3.6894139006369833,-1.7376646890574163,jumping,train,168538924
5.49,4.139516063777528,-4.634254460834363,6.852704117994465,7.586285334300083,-4.755633895573052,-0.38655270834459765,jumping,train,168538924
5.5,0.6121466162259128,-8.680739460790948,4.011991688810314,7.788541363380251,-5.899842519140526,1.214332219427434,jumping,train,168538924
5.51,-2.140587308803516,-12.79208073099814,1.4209966461713217,7.742524232707264,-7.113460734302809,3.037514148070567,jumping,train,168538924
5.5200000000000005,-3.4630399474988725,-14.231528834663967,0.5436697923767675,7.506194675300576,-8.225252929720979,3.9254818568674104,jumping,train,168538924
5.53,-3.9952408971938524,-14.194716214049791,0.6131701071676268,7.164725869407325,-9.28079072611723,4.296784826864879,jumping,train,168538924
5.54,-5.632116675109666,-9.002365936972236,1.970080029764423,6.384220677434769,-9.857910930772483,3.9745352520085677,jumping,train,168538924
5.55,-7.619501292519413,-2.1741844860779738,3.7354797957590007,5.465413667682287,-10.284323757420747,3.4338081643070097,jumping,train,168538924
5.5600000000000005,-8.534172663029947,1.3434625836906493,7.092950705176134,4.513407120278921,-9.98288387522201,2.8684651153434473,jumping,train,168538924
5.57,-9.29624886154923,4.390180852373669,10.676896276535409,3.556621753207084,-9.576675159269211,2.2995787869199513,jumping,train,168538924
5.58,-9.741782550893046,4.513541784097393,13.641084570599961,2.7855366883593113,-8.707130015852789,1.7181015516213018,jumping,train,168538924
5.59,-10.326347021761533,4.602133638062707,16.601926153665403,2.0311981848056053,-7.7560968086143065,1.1418017586702547,jumping,train,168538924
5.6000000000000005,-12.135913258606182,4.666602154358044,19.592251306930557,1.4015778024640857,-6.15739389676884,0.6105469777330914,jumping,train,168538924
5.61,-13.86133166750465,4.413008977588419,22.37824506552169,0.9005417189037433,-4.524131187587118,0.1383292770478851,jumping,train,168538924
5.62,-15.289373105515002,3.035391269848374,24.44213520375074,0.8573608063401177,-2.7678100484955093,-0.12367276954804088,jumping,train,168538924
5.63,-16.225554749553357,1.552428780284783,25.806617000216388,0.9397529778241915,-1.0187745518233833,-0.27470583626822526,jumping,train,168538924
5.64,-16.18207641829235,-0.14035379952397248,25.77805474792388,1.272227449615956,0.7157513847045366,-0.20474108358642842,jumping,train,168538924
5.65,-15.763331403467244,-1.6358916042004892,25.11155220637683,1.4569284177018418,2.278645793363974,-0.015490343760606987,jumping,train,168538924
5.66,-14.884612983156455,-2.889661740960743,23.663110899155114,1.4614621238332517,3.632284945392875,0.31919532962435504,jumping,train,168538924
5.67,-14.040836046911622,-3.424074571658673,20.644854866521115,1.4008469305582851,4.4308257843160614,0.7071852150900167,jumping,train,168538924
5.68,-13.223895292562826,-3.4059978893957243,16.420930710726772,1.2899361668785179,4.800825442301631,1.1363264596117126,jumping,train,168538924
5.69,-12.1707038369867,-3.264810386989216,12.074878428253232,1.3211839827937497,4.590535013859998,1.5224320455592941,jumping,train,168538924
5.7,-11.005988465485414,-3.065507498326271,7.67117464734607,1.4195237822437201,4.106375691716264,1.888226879213948,jumping,train,168538924
5.71,-9.860591179858917,-2.682444941145273,5.378958517875053,1.5881013562148443,3.638790323468227,2.1330896862695363,jumping,train,168538924
5.72,-8.720194106883396,-2.2518187989787575,3.6332710318483823,1.7747124874145184,3.1754603199170237,2.3469031806538925,jumping,train,168538924
5.73,-7.13558324257049,-2.2566829172269065,3.8288548563896465,1.8164440853106696,3.068216042035719,2.48105812621794,jumping,train,168538924
5.74,-5.509483188216647,-2.308546269185002,4.223391748752778,1.8412976719424154,3.0005330030551693,2.6065048262506667,jumping,train,168538924
5.75,-3.9661958275705556,-2.531962783127675,4.960920121416582,1.768413433317393,3.0963607772956494,2.7010354788253874,jumping,train,168538924
5.76,-2.4561419256442494,-2.7729805194469677,5.5192334633158895,1.7229798377180447,3.160994621059692,2.7712685086170965,jumping,train,168538924
5.7700000000000005,-1.151209050930902,-3.1226351823209253,4.9714094178191734,1.845063231888528,3.0352681396534,2.6932257904284773,jumping,train,168538924
5.78,0.19997674137357746,-3.3126050545615136,4.10142109048546,2.045304975488421,2.8639974496132425,2.523508749958099,jumping,train,168538924
5.79,1.6857361412883958,-3.0379694602683354,2.294090603827976,2.474532761161169,2.559292671589568,2.085206966177991,jumping,train,168538924
5.8,3.0451308575741813,-2.7006458913201774,0.6512662511504334,2.7808575243185745,2.4600259474569794,1.565402039405496,jumping,train,168538924
5.8100000000000005,4.188885669049449,-2.256346001938535,-0.7108302426553749,2.877493621154862,2.7112634717179125,0.9065420674006736,jumping,train,168538924
5.82,5.370565987925023,-2.170573761152465,-0.7931655563744316,2.520552969476284,3.427331159617944,0.25421790767640834,jumping,train,168538924
5.83,6.59259494951208,-2.4662362060685417,0.48602677055673793,1.6835959196207648,4.635324638786222,-0.39118945774497876,jumping,train,168538924
5.84,8.607256557392713,-3.682019434919242,2.0219716767780174,0.7331671691916323,6.135303789040551,-0.8857994935449834,jumping,train,168538924
5.8500000000000005,11.14846122058428,-5.5090356366905535,3.728476410670548,-0.2930479984054449,7.830296742420397,-1.279693762570467,jumping,train,168538924
5.86,15.103705593010831,-7.630164752862364,3.774709419344526,-1.0389871965375141,9.280866720648202,-1.5812704792307544,jumping,train,168538924
5.87,19.62376387232409,-9.868772227784312,3.1577753659553527,-1.672974966229459,10.633806134029228,-1.8459725331181085,jumping,train,168538924
5.88,25.526237204387794,-11.610763575366537,2.6840623428394053,-2.578676807424014,11.499741739225827,-1.9629075350418523,jumping,train,168538924
5.89,31.712679255350782,-13.250742545996701,2.2397690604917644,-3.5396635008340933,12.26658813121024,-2.049776815359958,jumping,train,168538924
5.9,38.81993199195877,-13.222992253939507,2.5460420483045616,-4.680049511949391,11.384000743773585,-2.317238983361745,jumping,train,168538924
5.91,45.718459506316925,-13.072115749475842,2.9286456442832702,-5.760533295545442,10.313780807424443,-2.5888405302139303,jumping,train,168538924
5.92,48.496604258156104,-12.482466178673597,3.8385082475756707,-5.731347676904394,7.809561672647063,-2.758928593609043,jumping,train,168538924
5.93,50.62913530596842,-12.31473884940223,5.3902026246584,-5.496856558190552,5.307491770972526,-2.889904708496448,jumping,train,168538924
5.94,49.711355904496,-14.14045406030626,9.974339086016277,-4.30116888892063,2.8154841201583674,-2.837767024787117,jumping,train,168538924
5.95,48.666868231316286,-16.14853115286205,14.878161380775786,-2.9117422502845027,0.6307660549128521,-2.6366671472029153,jumping,train,168538924
5.96,47.313652064248394,-18.600938424547984,20.56090777049515,-1.0473473942579128,-0.8006044150735676,-2.0703732773375485,jumping,train,168538924
5.97,46.62561747497568,-20.45512720981137,24.80545983896722,0.631863618353073,-1.8869651138193542,-1.5603872547393496,jumping,train,168538924
5.98,46.915994082625055,-21.429400367733404,26.934581363012416,2.038716537698401,-2.4659046373697056,-1.1332156809327867,jumping,train,168538924
5.99,46.41999579896189,-19.072247984509527,26.446234384974694,2.693145629656486,-2.634193786432952,-0.9723460836915572,jumping,train,168538924
6.0,45.1973173733456,-13.636562942256392,23.539114371754394,2.656066766309865,-2.4250786183139965,-1.0562187827539309,jumping,train,168538924
6.01,42.36777697436252,-8.218016136976551,20.26623006671912,2.2677687198794563,-2.1557495018729638,-1.2596997378088834,jumping,train,168538924
6.0200000000000005,38.6189195962203,-2.809274450308499,16.78408489833075,1.6774058390291664,-1.8517778542619538,-1.531994196244224,jumping,train,168538924
6.03,33.86778102048093,0.6003548623593397,12.334059473829049,1.4042457104072243,-2.0862433294670497,-1.8489238754686592,jumping,train,168538924
6.04,28.782200607252186,3.34291906664156,7.561071140215352,1.2369162268568539,-2.5003514705626837,-2.1807455257615693,jumping,train,168538924
6.05,23.243947756417985,4.096790602869855,3.0079310426338175,1.0381605476677167,-3.364711097335888,-2.188770652585698,jumping,train,168538924
6.0600000000000005,17.63493728237177,4.539807855073248,-1.5108443855832947,0.8345479236780606,-4.298657467519561,-2.1467527560938873,jumping,train,168538924
6.07,11.967271285942847,4.225486785809852,-3.8870689447988296,0.5942821687183608,-5.395887723681962,-2.077240030137039,jumping,train,168538924
6.08,6.554149851371299,3.867059865201822,-6.030317664969382,0.3939891183830814,-6.4874573672302915,-2.013195313181666,jumping,train,168538924
6.09,3.5802354244992696,3.22664158899701,-6.343545195114814,0.5822397224914225,-7.493001068788211,-2.0067095782797164,jumping,train,168538924
6.1000000000000005,0.8888972400057739,2.6035247197954887,-6.326605887009643,0.8296386299781927,-8.418608107940498,-2.020302378317584,jumping,train,168538924
6.11,-0.738696041369781,2.0455381791794824,-5.066769127898001,1.2979070919666997,-9.045718419283716,-2.1088717510363844,jumping,train,168538924
6.12,-2.153752518430329,1.9269032417110403,-3.2073264087940956,1.53171648500583,-9.252491863216479,-2.265039424030752,jumping,train,168538924
6.13,-3.129882243363342,2.7156084368521425,-0.10958946848957761,1.278464025569444,-8.586063625413928,-2.5616348207380497,jumping,train,168538924
6.140000000000001,-4.750377956678047,3.46965610431329,3.996465969031808,0.7593660154682992,-7.593596595012364,-2.9477787040287584,jumping,train,168538924
6.15,-7.191170882726711,4.179583700465854,9.386141069490677,-0.09812781543620594,-6.186113535343524,-3.4479091992575155,jumping,train,168538924
6.16,-9.747260428851934,3.964310959280474,13.589759958174183,-0.5327790063996559,-4.733190887032519,-3.5787066818440807,jumping,train,168538924
6.17,-12.395802323681863,3.007152253419953,16.842321631115986,-0.6301730158354873,-3.244025849360386,-3.4149259948634185,jumping,train,168538924
6.18,-14.808365171613723,-1.0370861402327247,19.880488649396746,-0.23175000949020494,-1.9714106069311093,-2.4454234997284714,jumping,train,168538924
6.19,-17.105375870599186,-6.592978625987825,22.81367277451671,0.41085980582239395,-0.8054447972557884,-1.0791080050666135,jumping,train,168538924
6.2,-18.74945128161196,-8.521632012361561,21.68516028529714,1.0294533242771826,-0.5992260678907714,0.047267623974013906,jumping,train,168538924
6.21,-20.214707629805705,-9.456895229265422,19.444272962904204,1.641470462889566,-0.6558147725836582,1.107940546847824,jumping,train,168538924
6.22,-18.905929001427463,-7.081006503857987,15.98209972312137,2.031672096066356,-0.9287060176728095,1.472180484146986,jumping,train,168538924
6.23,-17.267827743913656,-4.3510443426194945,12.422599272453756,2.3910580632334826,-1.21789739919635,1.7557592671675508,jumping,train,168538924
6.24,-14.347963758383917,-2.4336445083401217,11.160400520156385,2.3235726856787324,-1.0272694496130865,1.7477387911908193,jumping,train,168538924
6.25,-11.499391798277657,-0.6811032779716738,10.033969303504566,2.2308249885768983,-0.7938868555156281,1.7430934880790105,jumping,train,168538924
6.26,-9.127495791983183,-0.0308470759289989,9.815313103288283,1.9692036619322988,-0.2746978854254229,1.761010550666498,jumping,train,168538924
6.2700000000000005,-7.043052915757065,0.4101999212217324,9.273020755670776,1.7126420915968366,0.199152520360744,1.816316937486259,jumping,train,168538924
6.28,-5.843874061614705,0.20694924752980087,7.734032225021043,1.4715484609133291,0.5344005639558016,1.9859244438686787,jumping,train,168538924
6.29,-4.888330106092623,-0.0013573633279399637,6.355509673159527,1.2511693963233066,0.8450480306637062,2.189541408668812,jumping,train,168538924
6.3,-4.3631540513211995,-0.2185950143474102,5.260441613343583,1.0675873651239098,1.11199541477949,2.4535722470372314,jumping,train,168538924
6.3100000000000005,-3.703138229373172,-0.2869085455942308,4.529209584785519,0.9685888285376161,1.345587474942685,2.6405194695546297,jumping,train,168538924
6.32,-2.8942056567456724,-0.1907505972565665,4.19979729152957,0.9629949781423941,1.5423455927292131,2.74234404513041,jumping,train,168538924
6.33,-1.8035974589637513,0.7035494088647489,3.7454165386741143,1.08857554450042,1.6684982787781741,2.607367106056867,jumping,train,168538924
6.34,-0.5174184083083215,2.1520092677223155,3.204268646444191,1.304736785533365,1.7458953629285323,2.3088701644410032,jumping,train,168538924
6.3500000000000005,0.3599193278523254,3.3463012535231926,2.6611854616247594,1.403760377323412,1.7433400266654577,1.9686911779655984,jumping,train,168538924
6.36,1.0674480591674205,4.43502662446071,2.1172984683421654,1.4538275929127538,1.707369466542124,1.6110916449610289,jumping,train,168538924
6.37,1.8060921394366076,4.467754054951747,1.791247680132286,1.3094753923357265,1.7444623020730683,1.2691101818858799,jumping,train,168538924
6.38,2.5515542207475215,4.269091020606669,1.5129292016356235,1.1225219731797298,1.7975648024294957,0.9305509531943355,jumping,train,168538924
6.390000000000001,2.8495998039158454,4.091681438588506,1.355017232405718,0.7216745375373975,2.08877416486335,0.5838664120987758,jumping,train,168538924
6.4,3.1442077546811045,3.8930756286267187,1.2370363032545084,0.30275003339816103,2.4158132518460107,0.2418118973397445,jumping,train,168538924
6.41,3.944329477724469,3.2781583776463066,1.6994135513591924,-0.18414924766747373,3.1148093411943973,-0.0025289027987171133,jumping,train,168538924
6.42,5.158633112648069,2.471760727898218,2.282209783338578,-0.6137954902227152,3.8915187808376888,-0.21448298641484523,jumping,train,168538924
6.43,8.463907096561481,0.6986867826586649,3.472933395812288,-0.7544546328880405,5.060489597497273,-0.262963767543334,jumping,train,168538924
6.44,12.194159283633859,-0.9127625850368337,4.314409029144503,-0.906644031943546,6.1617969005774755,-0.331859253296584,jumping,train,168538924
6.45,17.01520366125837,-2.1093699074785324,4.259469351332668,-1.0882356847268504,7.090561657589325,-0.45281241277747303,jumping,train,168538924
6.46,21.978547130986698,-2.8290429919219826,3.0339801566445574,-1.3866409166291955,7.592436000466413,-0.5905842758339488,jumping,train,168538924
6.47,27.15831694020724,-2.8233345592917765,0.028172174348944645,-1.8636563901531658,7.441586571076705,-0.7540722648070596,jumping,train,168538924
6.48,33.31581334397465,-5.527338619432292,-3.0945024527012914,-2.582430454433012,6.599652944729825,-0.6217836090104409,jumping,train,168538924
6.49,40.41119021875604,-10.830623954326827,-6.329280958728738,-3.533087860197733,5.094864226711393,-0.20580006358039585,jumping,train,168538924
6.5,46.87355474072618,-11.478861293411457,-6.428318009256697,-3.7468730104950603,3.8350150489914716,-0.47567946878188433,jumping,train,168538924
6.51,52.95678398029867,-9.339012541240582,-4.649239700776345,-3.5218872275422517,2.7210152364623568,-1.1539562925283382,jumping,train,168538924
6.5200000000000005,58.92972811436548,-8.145409741972756,2.892368896382464,-3.068698418645417,2.87371473800959,-1.886390560142013,jumping,train,168538924
6.53,64.8642795432697,-7.281216265150391,12.440042821630266,-2.535539613284323,3.4703081767602493,-2.637803413059899,jumping,train,168538924
6.54,66.8958023428604,-6.869909044933797,16.092145927136908,-2.201330863472783,3.7996720065842635,-3.5149863083061375,jumping,train,168538924
6.55,68.2680395496627,-6.535101746319,18.748390361885427,-1.9007214067592908,4.083905283767811,-4.413409632480487,jumping,train,168538924
6.5600000000000005,63.73160298609299,-5.018393206118845,16.72782475951873,-1.8462252626355855,4.213943319413751,-4.866967763424561,jumping,train,168538924
6.57,58.87795382206873,-3.463807171926293,14.772556488872711,-1.7715683281699504,4.362001705881162,-5.285920829405358,jumping,train,168538924
6.58,52.5767926755802,-1.888596420127633,14.998356769088081,-1.4051333863974027,4.75047292567056,-5.472824631472499,jumping,train,168538924
6.59,46.31734549507784,-0.28649996082125373,14.767571775393428,-1.0365664427684143,5.02688870859829,-5.604073727743507,jumping,train,168538924
6.6000000000000005,40.224170233773606,1.4227629613386241,12.716837324098723,-0.6595026309812517,4.856719386292536,-5.513516873845506,jumping,train,168538924
6.61,33.656082251562324,2.574082473192271,10.25523874961563,-0.22025651744112482,4.523032425038145,-5.379048351768641,jumping,train,168538924
6.62,26.05800020947805,2.515330380178626,6.902555165890394,0.3530161441882951,3.8369026612150536,-5.149933456995015,jumping,train,168538924
6.63,19.170233789279994,2.2021023643053637,3.9868117869278676,0.9261442878711927,3.118856604585422,-4.927589037709594,jumping,train,168538924
6.640000000000001,13.216653661758855,1.554195071182559,1.6457193623184703,1.4990813604599273,2.3586131521542963,-4.714196047578892,jumping,train,168538924
6.65,8.781924808577449,0.606642775921568,0.3676758170522117,1.8948908810188883,1.9741827647303267,-4.528458057964973,jumping,train,168538924
6.66,5.611885987407013,-0.5904125837596131,-0.025207117718889623,2.1432129857714832,1.9026777079452875,-4.365747341711984,jumping,train,168538924
6.67,3.3845354542111776,-1.481905716210741,0.5407788315048018,2.121783206106513,2.3199619673259164,-4.228267857988363,jumping,train,168538924
6.68,1.6413660124220153,-2.216456777183743,1.599256507517621,1.9626173084344694,2.986823511689571,-4.103671516966903,jumping,train,168538924
6.69,0.33697742544273773,-3.5285379369446703,0.28536651635094656,1.4826115053689435,3.4261054483501607,-4.0563068589745574,jumping,train,168538924
6.7,-0.8414819109917359,-5.0063691099754095,-1.7093883737039461,0.9098364891082947,3.7995839086009062,-4.031273346042127,jumping,train,168538924
6.71,-2.319753215291309,-6.018733502360745,-5.737519249255263,0.25747988779302383,3.5804291155221097,-4.022471802569068,jumping,train,168538924
6.72,-3.8321343360998923,-6.970733377538126,-9.999664787834881,-0.40196358482531686,3.2880868631178353,-4.014511893425149,jumping,train,168538924
6.73,-4.879814457487072,-7.360397952905906,-11.573884297264009,-0.6860497138408979,2.928303805550696,-3.8453070389203323,jumping,train,168538924
6.74,-5.825076943930485,-7.881310448991298,-12.86910549163917,-0.9400654285576824,2.5790702924283826,-3.6350624671766223,jumping,train,168538924
6.75,-6.033751799859012,-9.346157990877986,-12.157770804147264,-0.9752258967653231,2.3066173360049107,-3.1261270512115185,jumping,train,168538924
6.76,-6.2465012842882945,-10.65447602351517,-11.380770960871805,-1.0126597887647457,2.020466420548554,-2.5808357050144473,jumping,train,168538924
6.7700000000000005,-6.472456817726772,-11.455475077220115,-10.390947478505678,-1.0574609484012534,1.6899258358004885,-1.9177291634357225,jumping,train,168538924
6.78,-6.514160982717083,-11.598513573713788,-9.506994745210312,-1.081058995314168,1.3814410663543228,-1.3075452055160006,jumping,train,168538924
6.79,-6.214893045375761,-10.523942690515211,-8.818964420470683,-1.065423168370418,1.1137679968995817,-0.7952882830514925,jumping,train,168538924
6.8,-5.602951374281757,-9.09900399376814,-7.9598907415910665,-1.1566692528814397,0.9615425023822244,-0.48294145552766576,jumping,train,168538924
6.8100000000000005,-4.632486113188412,-7.272320242116628,-6.904692250320533,-1.3704702003828502,0.9416935862441606,-0.3998191428200216,jumping,train,168538924
6.82,-3.4752870390977897,-5.832007887746018,-5.628473145495824,-1.6265519456231292,1.0730999738397187,-0.41155635798621326,jumping,train,168538924
6.83,-2.183343256637205,-4.670496144863072,-4.192768419727142,-1.9131399092798897,1.3136392912547423,-0.4917361199102618,jumping,train,168538924
6.84,-1.092085058764017,-3.7625525113221587,-3.087844139008906,-2.187936091200237,1.4633502459372387,-0.5512356293960256,jumping,train,168538924
6.8500000000000005,-0.08853483293595747,-2.965428719133778,-2.12748471125318,-2.4576114076154956,1.5736167943374912,-0.6017542406837562,jumping,train,168538924
6.86,0.525434429757861,-2.715810184221892,-1.7526810632266443,-2.591770541075206,1.49755955470882,-0.6272700200314449,jumping,train,168538924
6.87,1.0493418574862672,-2.5927618177464584,-1.5132439576839791,-2.694335342863209,1.378062665077269,-0.6469566227611298,jumping,train,168538924
6.88,0.8601056497521505,-2.0694064353871005,-1.6024768780176066,-2.6017875714061884,1.1596955720183713,-0.6639537188750138,jumping,train,168538924
6.890000000000001,0.6231738957133314,-1.525302361826432,-1.7096832028523463,-2.490111723840169,0.9345177926830092,-0.682694012223897,jumping,train,168538924
6.9,0.6047543060675427,-1.244879922411445,-1.6223489301437095,-2.2986455375268733,0.7341461913323575,-0.7457604874853382,jumping,train,168538924
6.91,0.6127814793375649,-0.9980475649000036,-1.4607453810536764,-2.1159926967884704,0.5710119578708277,-0.8032854685538443,jumping,train,168538924
6.92,0.7624654603050093,-0.9311337776838525,-0.9013332746109992,-1.9810201935342746,0.6093324674338748,-0.8308308793172203,jumping,train,168538924
6.93,0.9849384585270963,-1.009208732890246,-0.2821227271665759,-1.8833784131111972,0.705473801983231,-0.8564037567141077,jumping,train,168538924
6.94,1.4032204707333606,-1.4773164672622507,0.49795101381957463,-1.886134824211418,0.9571199277811587,-0.8766716529133188,jumping,train,168538924
6.95,1.9835655309020457,-2.0459541255720883,1.4200735372465267,-1.9847315626734392,1.1135105935833125,-0.9182233554477109,jumping,train,168538924
6.96,2.821635214299149,-2.774461890583066,2.5680925213096484,-2.2348957892862824,1.119258714627616,-0.9934345117142901,jumping,train,168538924
6.97,3.1967845527042806,-3.0809103713658046,3.291214009929894,-2.4493399459957512,0.8685611285997386,-1.0061936402503384,jumping,train,168538924
6.98,3.113377960119954,-2.969278743754556,3.5934439376029523,-2.628220661610202,0.3625423233746953,-0.9567745867316383,jumping,train,168538924
6.99,2.875477217796025,-2.4745808883121936,5.076141434670423,-2.472915248576408,-0.3403515042842392,-0.8980930877497596,jumping,train,168538924
7.0,2.5413046108136808,-1.741178200983811,7.294438397904939,-2.109385763309929,-1.16591385519372,-0.8336403614551898,jumping,train,168538924
7.01,1.93042755626632,-0.7796215299652673,10.042108724217247,-1.405785357663448,-1.6434869640703118,-0.8095778365160005,jumping,train,168538924
7.0200000000000005,1.2177798884322844,0.26584911875868084,12.984480119819152,-0.5779766610521719,-1.9939596758335458,-0.8002675223111678,jumping,train,168538924
7.03,0.772854854214974,3.1123839904925634,16.853811374017816,-0.392381599585506,-1.760075389995359,-0.8758902975450318,jumping,train,168538924
7.04,0.3761186600194331,6.283102120620037,20.889991130074915,-0.32351896458768403,-1.4199750313098456,-0.96695099728737,jumping,train,168538924
7.05,2.5044958376106345,5.422145300715987,24.276672438182857,-0.9650656478046971,-0.5248873471167016,-0.8698025764073881,jumping,train,168538924
7.0600000000000005,4.566335232084334,4.401262466686951,27.530467868498775,-1.5823933052679993,0.35993898907400834,-0.7601605096774827,jumping,train,168538924
7.07,4.585072119275702,3.4155093560654817,29.491176020919216,-1.5704924333071324,0.8562129745956325,-0.5922531526884174,jumping,train,168538924
7.08,4.391872286478675,2.2403734852914865,30.6629829179619,-1.374996651941402,1.116610065286141,-0.40805515791786706,jumping,train,168538924
7.09,3.309806732543745,0.2709635326911857,28.526126345520193,-0.40304886446613697,0.37944633699647184,-0.1549614708471319,jumping,train,168538924
7.1000000000000005,2.1437365223234037,-0.6704028072872731,26.450341068481126,0.4983623347668434,-0.26259922205449915,-0.0032456715504201373,jumping,train,168538924
7.11,0.7873700499058546,0.7170643425511424,24.51290097082413,1.2400049285867063,-0.6891977680389394,-0.08115543471676798,jumping,train,168538924
7.12,-0.23815238336629022,2.3101741587633926,24.036612756930257,1.629972619725983,-0.7797705012860229,-0.16103822729311276,jumping,train,168538924
7.13,-0.8091597225821768,4.185796835386601,25.56766186002277,1.5394601578673122,-0.4112438427805271,-0.2436166955220526,jumping,train,168538924
7.140000000000001,-1.3248373241043683,5.389267135427467,26.30917372435331,1.2055913105372016,0.0557905260239286,-0.2926817419482369,jumping,train,168538924
7.15,-1.792928989375596,6.0146576997572465,26.37164986074636,0.661333512329783,0.6079877878544349,-0.3127734222565152,jumping,train,168538924
7.16,-2.02806605226945,5.643593881403462,25.839667960905082,0.27128331597857125,0.9648456485077888,-0.2578906396374565,jumping,train,168538924
7.17,-2.1385048627343886,4.739138067881082,24.989478661406324,-0.03622110421505088,1.2171402950897487,-0.16287478212558976,jumping,train,168538924
7.18,-2.4578195322773544,3.926923346035868,22.98036477113217,-0.04538704875499842,1.0427523196547535,-0.09313087800770023,jumping,train,168538924
7.19,-2.8408150546835813,3.142830549878717,20.617924715400004,0.035734150017626365,0.7392359944196657,-0.031035107349195897,jumping,train,168538924
7.2,-2.983439221845694,3.030694106335412,18.523490572025633,0.024861561981725778,0.40839784501661025,-0.034952657734398894,jumping,train,168538924
7.21,-3.0941180325717146,3.0078606713471268,16.464674418109905,0.0016099972598850698,0.07388318401286423,-0.04775317065991335,jumping,train,168538924
7.22,-2.3469869518887965,2.652669250629304,15.407403753278372,-0.2055994177239265,0.012669365502584781,-0.027603152644812525,jumping,train,168538924
7.23,-1.5967960348480301,2.275222684741699,14.383240870155294,-0.39851655965113353,-0.01191519593464598,-0.006105924773312901,jumping,train,168538924
7.24,-0.8470110201031531,1.729953413415592,13.594077215514055,-0.473808704297754,0.24399709247427084,0.02506339918356142,jumping,train,168538924
7.25,-0.10648908552174331,1.2176470896712879,12.66712793759917,-0.4665971211969519,0.4857653958958353,0.03937484303443639,jumping,train,168538924
7.26,0.6026253575117446,0.8171052631892577,11.273001357747571,-0.17761712091148196,0.6792288727188888,-0.003887089788019985,jumping,train,168538924
7.2700000000000005,1.0264606877373383,0.49937223154750854,9.348729325288124,0.142026930498852,0.7378225809221766,-0.048156272817445105,jumping,train,168538924
7.28,0.9001542070121324,0.341330457732888,6.40210701806036,0.5207981471178398,0.5363571384811664,-0.09436766006349868,jumping,train,168538924
7.29,0.8278815636112093,0.20237369459535254,3.731714325316454,0.8073959041484859,0.2716381821235905,-0.1501863860197537,jumping,train,168538924
7.3,0.8199420727674099,0.08613970970646596,1.3902029930196111,0.9848540726317039,-0.06797719793192152,-0.2173808485334742,jumping,train,168538924
7.3100000000000005,0.8848582884576772,0.12478171649853112,-0.2863238592109931,0.9856914964858476,-0.2518770262935441,-0.2978002661132921,jumping,train,168538924
7.32,1.0040995741070111,0.2789074579670901,-1.467003095381135,0.8541199468995957,-0.31904007839596515,-0.38813416303568454,jumping,train,168538924
7.33,0.9992071511857923,0.17317676885828986,-1.6516729707564013,0.5836658229562494,-0.19842753277622174,-0.4120477552198005,jumping,train,168538924
7.34,0.9376399057355964,-0.05119467670237183,-1.3816021120451938,0.24981748050769442,0.00789689806058146,-0.405643193155606,jumping,train,168538924
7.3500000000000005,0.5285588610762116,-0.4969058018852853,-1.4112589578975943,0.017545990958890954,0.13534087770827594,-0.31025707577253225,jumping,train,168538924
7.36,0.03345933969610303,-0.9974041099722398,-1.515106010401482,-0.1897907239537184,0.24342152587392232,-0.1930280388136706,jumping,train,168538924
7.37,-0.4473288801880001,-1.1377517486235158,-1.8435539829101832,-0.20128491276353527,0.14512647371076257,-0.10654326926935379,jumping,train,168538924
7.38,-0.9164049070829294,-1.2360366875871982,-2.2006082320855693,-0.1930508939725947,0.022976742659606985,-0.025561831636197345,jumping,train,168538924
7.390000000000001,-1.06619548414083,-1.032613465998701,-2.8184943229234753,-0.12621277723734747,-0.2547457699007191,-0.027425197216659723,jumping,train,168538924
7.4,-1.177077383666431,-0.8364041698852964,-3.316163792707308,-0.06233362322679757,-0.5140490326075133,-0.02990649885709056,jumping,train,168538924
7.41,-1.0615609136588873,-0.6821706249172563,-3.1143274266829475,-0.015668461418873653,-0.6661968990294265,-0.03598269083840287,jumping,train,168538924
7.42,-0.9411440747111558,-0.5359082532464469,-2.8125048335262064,0.014309697113393784,-0.7764257070891889,-0.04038381705571534,jumping,train,168538924
7.43,-0.8069003130643072,-0.41213741197821463,-2.2285602511049523,-0.002784437176704788,-0.7684052311124573,-0.040059757759655916,jumping,train,168538924
7.44,-0.6821028906471541,-0.2760533530649468,-1.787731640767411,-0.03663490079561035,-0.7576683240642249,-0.04507694098221859,jumping,train,168538924
7.45,-0.5729334634471199,-0.11959834390479701,-1.5836736643049856,-0.09820698527090986,-0.742437361619433,-0.05893065976682474,jumping,train,168538924
7.46,-0.4476901052974209,-0.040547953169141886,-1.490884840980192,-0.150655118586645,-0.686011013087132,-0.08091183048460639,jumping,train,168538924
7.47,-0.3058333475592939,-0.041500012357083685,-1.513099554047969,-0.19367400644298263,-0.5870108497217057,-0.1112924038183294,jumping,train,168538924
7.48,-0.22174396093898563,-0.14258219938980343,-1.4642603760343988,-0.20011877165231354,-0.5445432720538945,-0.14304942097751702,jumping,train,168538924
7.49,-0.17509307456391557,-0.30855779845307424,-1.3693718267720079,-0.18286261067863024,-0.5387101928670448,-0.1756984074073579,jumping,train,168538924
7.5,-0.13668795304594555,-0.6115134834144,-1.882868831589533,-0.14677655495463598,-0.6195990918705001,-0.18928405746729565,jumping,train,168538924
7.51,-0.10146131672319543,-0.9672707195492379,-2.630879494041086,-0.1034330444469512,-0.733912544957453,-0.19552227921892756,jumping,train,168538924
7.5200000000000005,-0.12439442410333426,-1.211223182209105,-3.0331184313144535,-0.0926322943165528,-0.8910739649924524,-0.18603150320875508,jumping,train,168538924
7.53,-0.1586689869307269,-1.433373126899907,-3.367930066361986,-0.08817641881349816,-1.056589469781463,-0.173474038397284,jumping,train,168538924
7.54,-0.20079705515627694,-1.408121634567835,-3.8465250036850036,-0.2357941565053014,-1.251098651934715,-0.19199464554111748,jumping,train,168538924
7.55,-0.22314077222562126,-1.3725000229600588,-4.319044160645893,-0.3984104697108425,-1.4454260346454286,-0.20825478139179848,jumping,train,168538924
7.5600000000000005,0.036136585753723735,-1.3667876717850014,-4.60529641103122,-0.663005006485641,-1.6167724748879986,-0.17106895691193394,jumping,train,168538924
7.57,0.15647670433253044,-1.319515165432151,-4.884103150630098,-0.9188308113837309,-1.8054647647909512,-0.1192931618799728,jumping,train,168538924
7.58,-0.34812101498270165,-1.0853056389440452,-5.12942008265139,-1.1352214483237233,-2.0721656543812172,-0.0019026408742862646,jumping,train,168538924
7.59,-0.7694177800821416,-0.9461747362450672,-5.614927502524827,-1.3070139481964265,-2.4749738893636364,0.17007038253742998,jumping,train,168538924
7.6000000000000005,-0.9934689540365402,-1.032177381307907,-6.66917408282967,-1.3732039853768376,-3.2000662332593737,0.47128751911220107,jumping,train,168538924
7.61,-0.5891015623999887,-1.2619829170831611,-8.105021129078093,-1.5732069977412435,-4.144524560581264,0.7987408985886744,jumping,train,168538924
7.62,0.7123628475132924,-1.697073833560653,-10.085620763673692,-1.964215066421981,-5.4021065738581004,1.1636439726562957,jumping,train,168538924
7.63,4.995310033569972,-2.4504592707755397,-9.372807567293998,-3.3188121085249263,-6.158952887498728,1.3112199977705683,jumping,train,168538924
7.640000000000001,11.954740275157196,-3.489578336317434,-6.242112281728498,-5.533777123061687,-6.468703011265935,1.2647493519283326,jumping,train,168538924
7.65,22.726895467250397,-7.018803857065668,6.618576918187395,-7.264854079161603,-5.491374960045547,1.0973803054986948,jumping,train,168538924
7.66,35.61305109679654,-11.928691818442188,24.874150789398232,-8.726118866540585,-3.7963822596318266,0.8625992634873325,jumping,train,168538924
7.67,43.589508726555884,-17.124141226536366,43.585588776027535,-7.184197704847178,-2.9457857099474403,0.7492130335618263,jumping,train,168538924
7.68,49.990201570006434,-22.41124141887117,62.44333609175395,-4.678405717393524,-2.3661976255642605,0.6747883996721384,jumping,train,168538924
7.69,49.62083062884078,-24.665771947133436,69.88445100765288,-1.9160612926973495,-1.569048077743234,0.1685002543855553,jumping,train,168538924
7.7,48.25809749121992,-26.475337677685314,75.65041907152512,0.8834744144813538,-0.7403595980335159,-0.4003932515009897,jumping,train,168538924
7.71,40.705403577913394,-19.092333964653072,71.12180265133156,1.831272009099636,-0.16323984359017454,-0.7620012052709826,jumping,train,168538924
7.72,32.99380457222164,-11.87160826828695,65.84840358688271,2.668193738524873,0.3858225335830968,-1.1021498189631298,jumping,train,168538924
7.73,24.523227324721066,-7.027152990012499,55.08587331152224,2.743104793039227,0.7170852155801294,-1.2774287634078592,jumping,train,168538924
7.74,16.866790304467614,-2.4873550275643397,44.47225595313182,2.854691692422013,0.9556245001081203,-1.51248634373484,jumping,train,168538924
7.75,12.146036930577424,0.9538883248998342,34.39559918266983,3.0974885991727428,0.8624403380807011,-1.9614055346857575,jumping,train,168538924
7.76,7.801599626830496,2.741231889399774,26.094344124509284,3.368409382075517,0.8884790511339927,-2.2074080376110694,jumping,train,168538924
7.7700000000000005,4.209408724243869,1.222471191855294,21.342072632701793,3.695871434143616,1.1542077924805416,-2.045459409840176,jumping,train,168538924
7.78,0.9439273690000743,-0.48563801980699073,16.991366768122745,3.824578912329162,1.5069245821095814,-1.7991661288679157,jumping,train,168538924
7.79,-1.9176442357511592,-2.4278380675516833,13.137114936244547,3.707591144763644,1.9671737393349016,-1.4486081766919117,jumping,train,168538924
7.8,-4.005688361361723,-3.430102416580099,9.036900741657908,3.350535566881744,2.3637739960871627,-1.1241543181896443,jumping,train,168538924
7.8100000000000005,-5.491323650240261,-3.700362297589208,4.745135626392941,2.8075556184662296,2.711080339840409,-0.8199171941934983,jumping,train,168538924
7.82,-5.903479411180714,-4.295940219446456,0.4069101199989882,2.4695047579874325,2.477799073763578,-0.48173024645265533,jumping,train,168538924
7.83,-5.807071686914253,-5.045638338614062,-3.953326107439841,2.22912747880613,1.9677973495028014,-0.12736208743061694,jumping,train,168538924
7.84,-5.9461915882593885,-4.858458940963821,-7.6781656931697295,2.275609449329496,1.3160206687727474,0.1594307486092794,jumping,train,168538924
7.8500000000000005,-6.147078518694076,-4.425583775420707,-11.236372754371587,2.397297832292373,0.6270745892493284,0.42850723903315413,jumping,train,168538924
7.86,-5.816206302881372,-3.799105125523892,-11.538933991659682,2.262180456102963,0.4093469427555784,0.6258886861848723,jumping,train,168538924
7.87,-5.429637635924636,-3.1667795356426987,-11.500432299140725,2.0958619202379283,0.2432962814439545,0.8148640303994693,jumping,train,168538924
7.88,-4.987234170281782,-3.110963721837079,-11.11733293027248,1.6941040596737722,0.2650085453755782,0.9514568333331833,jumping,train,168538924
7.890000000000001,-4.609682241270673,-3.0176622935797317,-10.773813294321267,1.3042646507850026,0.27890914286209184,1.0717139710377528,jumping,train,168538924
7.9,-4.639513253927878,-2.6888845654732156,-10.67892474505887,0.9892788806270423,0.24374869837000973,1.0893752333055917,jumping,train,168538924
7.91,-4.621054832629831,-2.3285545392216425,-10.442771472512632,0.6862120097413166,0.23670115996700336,1.096220689386347,jumping,train,168538924
7.92,-4.459522144164117,-1.874739840137849,-9.788072255128684,0.4184544599752081,0.3129371199837889,1.0710246989287546,jumping,train,168538924
7.930000000000001,-4.379714275796982,-1.5162875845439387,-9.2450557010694,0.1724269521184465,0.3539304372571343,1.0353811783254456,jumping,train,168538924
7.94,-4.440647768712129,-1.3220625502003978,-8.894372027633072,-0.036186301242062964,0.3342438345274485,0.9817493559342715,jumping,train,168538924
7.95,-4.558379742643705,-1.2500121506333004,-8.679490360329725,-0.28798850757690075,0.18284454660430757,0.9564920629495022,jumping,train,168538924
7.96,-4.737049358151619,-1.3090398005227264,-8.610307201630606,-0.5861270399773023,-0.10986592178951032,0.9616770788420423,jumping,train,168538924
7.97,-4.849738908031111,-1.6263002713183772,-8.68939001222481,-0.8658216208488616,-0.4217417906154865,1.008585619123429,jumping,train,168538924
7.98,-4.917969902798562,-2.1175626620978045,-8.868377100031935,-1.1330895969146468,-0.7465303401510925,1.0836053669123067,jumping,train,168538924
7.99,-4.828384100783283,-2.2380235436268108,-7.674268069034637,-1.2191133530735379,-0.7843295562078758,1.217904685433226,jumping,train,168538924
8.0,-4.675102656505422,-2.208827096119074,-5.92597063123603,-1.2319947599933918,-0.7063122564719324,1.3761266816949949,jumping,train,168538924
8.01,-4.389205444552072,-2.0777406485191876,-4.40349233156978,-1.2696387601015577,-0.5100420071141512,1.5276662969174004,jumping,train,168538924
8.02,-4.0756566340337335,-1.9254092054732928,-2.928099384312054,-1.3124451040897196,-0.28911915428591,1.677812812935695,jumping,train,168538924
8.03,-3.717605968634452,-1.5718388024156105,-2.598131674631277,-1.5438591906280892,-0.22712162901395144,1.750583810994021,jumping,train,168538924
8.040000000000001,-3.352970140664289,-1.182492423306983,-2.403012875115148,-1.787623048633136,-0.1873933506641596,1.8107509603217258,jumping,train,168538924
8.05,-2.9264233340193893,-0.417245085742349,-3.2472269009298635,-2.0498681955314755,-0.3574435300069083,1.7399439497845837,jumping,train,168538924
8.06,-2.461437822754673,0.18019267562104097,-3.8494382255332993,-2.2860926840342652,-0.5003706003431301,1.680097790637673,jumping,train,168538924
8.07,-1.8121336107294943,-0.027038798529588477,-3.291214412975803,-2.3975659865584045,-0.513260991185833,1.6728013859774111,jumping,train,168538924
8.08,-1.2010557009561489,-0.34783031747331006,-2.3778023957699097,-2.42034571208113,-0.43569653610075426,1.6999849742034439,jumping,train,168538924
8.09,-0.684678676318248,-0.9499526511811226,-0.5844560038427533,-2.2248316127143584,-0.13550339735066885,1.8120311847723762,jumping,train,168538924
8.1,-0.20919594311150752,-1.356012189157766,0.7771107829947917,-1.976191936413381,0.010721019739735455,1.926229660805433,jumping,train,168538924
8.11,0.2059340930701478,-1.4727179299528788,1.5014477077756532,-1.6487256430483814,-0.0715101237962572,2.0436216232032733,jumping,train,168538924
8.120000000000001,1.228190952090998,-1.8158298572608076,1.5117941220260043,-1.5193940839751507,-0.3649474558955862,2.0079605100329236,jumping,train,168538924
8.13,2.816225179551036,-2.3699281742073124,0.856777622067324,-1.574684887086582,-0.8551871587651618,1.8296842191047604,jumping,train,168538924
8.14,5.2851787163020845,-2.7958923861136205,3.3009628631665615,-1.5810125786445113,-1.3555184358524521,1.5650785427855032,jumping,train,168538924
8.15,8.265659009773714,-3.1474524812237403,7.5447733347560355,-1.5590725958182199,-1.8616758405072038,1.2506326729287338,jumping,train,168538924
8.16,12.853261997363665,-5.293926500218317,14.33905601183057,-1.3144468675645,-1.990648870969378,1.1359236538267337,jumping,train,168538924
8.17,17.979436268835787,-8.041903503385965,21.988040756918306,-0.9946812420585857,-1.992350193637396,1.0886109847442782,jumping,train,168538924
8.18,23.069768840372248,-9.235304418696044,33.39571903543289,-0.7766980386662562,-1.1896492388157116,0.7400294257909117,jumping,train,168538924
8.19,28.154398101533236,-10.181333419524911,45.4014994091581,-0.5749109628327082,-0.25894777443395334,0.3435084558025384,jumping,train,168538924
8.2,33.058688578241444,-12.086536168999396,52.796125610125365,-0.04144230991193459,0.4177207721603452,0.06538979557555273,jumping,train,168538924
8.21,37.78407038417661,-13.94662478479197,59.70726502172676,0.5490198590920866,1.1455490452284622,-0.21294934646347802,jumping,train,168538924
8.22,40.82599172751039,-15.161871329062826,62.97340025139682,1.627422578223053,2.4268156020658718,-0.5182172796687382,jumping,train,168538924
8.23,42.39469921244409,-15.847504269021046,64.9246014899845,2.6314619432952493,3.5705689150241,-0.7333768334764721,jumping,train,168538924
8.24,38.345805086911625,-14.513635274791314,61.861747733200936,3.352025966203676,4.1901176065784345,-0.6050405349945209,jumping,train,168538924
8.25,33.205433896667294,-12.892629217598493,55.5471094361771,3.8320943230731674,4.366360897811823,-0.4735865057033843,jumping,train,168538924
8.26,25.77554449240811,-10.669315006778769,42.41142086367414,3.810720974515661,3.618297237393346,-0.3356319008311176,jumping,train,168538924
8.27,19.283905904109275,-7.560358780665176,31.82621624938119,3.7596498002451164,2.940672253544523,-0.303560199135901,jumping,train,168538924
8.28,13.990601445740626,-3.320260395361986,24.498490256979103,3.6704524794988354,2.3534766272655587,-0.4074212460133238,jumping,train,168538924
8.290000000000001,10.623841398922515,-0.7000675435559788,20.050986955261077,3.5792484261352686,2.071790836232989,-0.5098433283566628,jumping,train,168538924
8.3,8.815246991211078,0.6099654563613819,17.93297266126697,3.486421512171495,2.0371732745876,-0.6111017086564645,jumping,train,168538924
8.31,7.325228333833199,1.178051496272063,14.791438821052564,3.406521054096274,1.9603281127996262,-0.691894906418596,jumping,train,168538924
8.32,5.993635780693424,1.3771710774924946,11.14091390367847,3.3330100218294456,1.8626102446408017,-0.7625723565537653,jumping,train,168538924
8.33,4.864935723235694,1.1189660409587838,7.15463070591893,3.3285341677042193,1.831186837310889,-0.9453061653582898,jumping,train,168538924
8.34,3.792067264088526,0.7349152245200593,3.0759541380797852,3.3431980363285847,1.8181432999871987,-1.1591071444808376,jumping,train,168538924
8.35,3.120607436743944,0.5070678143543124,-0.24357837944702557,3.249835611611845,1.7190419039161606,-1.3983016343645671,jumping,train,168538924
8.36,2.4895369431366605,0.29169758504589316,-3.4721516850898237,3.1401106148702183,1.6067782314765575,-1.6381190439432312,jumping,train,168538924
8.370000000000001,1.4593234372473645,-0.3256683491431019,-6.345888248258614,2.748677574273424,1.2613294692637484,-1.7220727303374443,jumping,train,168538924
8.38,0.44323596463443976,-0.9326315805212528,-8.95344148609553,2.3479689216334205,0.9413704468953557,-1.7860298175806544,jumping,train,168538924
8.39,-0.47772483676214506,-1.4695415654791133,-9.768479218907297,1.8840718205194302,0.7950557193999197,-1.7137636486967698,jumping,train,168538924
8.4,-1.3015879675157747,-2.016567027299152,-10.323750614006695,1.4446099377398558,0.6908037889295164,-1.62739760239978,jumping,train,168538924
8.41,-1.8229987800100798,-2.595101478027015,-10.069868395774376,1.0812519167843264,0.7175570841508061,-1.497117271904577,jumping,train,168538924
8.42,-2.3216861863971054,-3.0305162030658197,-9.560433822722288,0.7977290424155051,0.7479046719624061,-1.34964917201269,jumping,train,168538924
8.43,-2.779629510711794,-3.209310867620935,-8.592782463445515,0.6565360873061931,0.7846601564967645,-1.171538755608937,jumping,train,168538924
8.44,-3.2756335817589637,-3.2969731879127546,-8.341400236220752,0.5388670643831491,0.7503325450409243,-1.0136823469265128,jumping,train,168538924
